Company Name,Category / Segment,Specialty,Website,Propensity Score (0-100),Priority Tier,Urgency Label,Primary Recruiter Talking Point,LinkedIn Headcount,Headcount Score (Max 30),Plant Expansions (6M),Expansions Score (Max 25),Exec Turnover (6M),Exec Score (Max 20),FDA Recalls (3Y),Class 1 Recalls,Regulatory Score (Max 15),Domain Fit Score (Max 10)
ZipLine,Nutraceutical,Unknown,,30.0,TIER_3_MONITORING,LOW PROPENSITY — Baseline Monitoring,Executive restructuring trigger: Recent C-Suite / VP appointments recorded. Target newly installed leaders as they rebuild their departmental teams.,0,10.0,0,0.0,2,15.0,0,0,0.0,5.0
Ventura Foods,"Contract Manufacturer, Ingredient Supplier","ingredient supplier, contract manufacturer",,24.5,TIER_3_MONITORING,LOW PROPENSITY — Baseline Monitoring,Ventura Foods is stable in the nutraceutical sector. Maintain periodic BD touchpoints.,0,10.0,0,0.0,0,0.0,6,0,4.5,10.0
Lehmann&Voss&Co. KG,"Supplement Brand, Contract Manufacturer, Ingredient Supplier",Chemicals ingredients,http://www.lehvoss.com,20.0,TIER_3_MONITORING,LOW PROPENSITY — Baseline Monitoring,Lehmann&Voss&Co. KG is stable in the nutraceutical sector. Maintain periodic BD touchpoints.,0,10.0,0,0.0,0,0.0,0,0,0.0,10.0
Sancilio & Company Inc.,"Supplement Brand, Contract Manufacturer","contract manufacturer, supplement brand",,20.0,TIER_3_MONITORING,LOW PROPENSITY — Baseline Monitoring,Sancilio & Company Inc. is stable in the nutraceutical sector. Maintain periodic BD touchpoints.,0,10.0,0,0.0,0,0.0,0,0,0.0,10.0
Boost Tech,"Supplement Brand, Contract Manufacturer, Ingredient Supplier, Packaging","ingredient supplier, contract manufacturer, supplement brand",,20.0,TIER_3_MONITORING,LOW PROPENSITY — Baseline Monitoring,Boost Tech is stable in the nutraceutical sector. Maintain periodic BD touchpoints.,0,10.0,0,0.0,0,0.0,0,0,0.0,10.0
Aurobindo Pharma,"Supplement Brand, Contract Manufacturer, Ingredient Supplier","ingredient supplier, contract manufacturer, supplement brand",,20.0,TIER_3_MONITORING,LOW PROPENSITY — Baseline Monitoring,Aurobindo Pharma is stable in the nutraceutical sector. Maintain periodic BD touchpoints.,0,10.0,0,0.0,0,0.0,0,0,0.0,10.0
Parkacre,"Supplement Brand, Contract Manufacturer, Packaging","contract manufacturer, supplement brand",,20.0,TIER_3_MONITORING,LOW PROPENSITY — Baseline Monitoring,Parkacre is stable in the nutraceutical sector. Maintain periodic BD touchpoints.,0,10.0,0,0.0,0,0.0,0,0,0.0,10.0
NXT-USA,"Supplement Brand, Contract Manufacturer, Ingredient Supplier",Branded ingredients,https://nxt-usa.com/,20.0,TIER_3_MONITORING,LOW PROPENSITY — Baseline Monitoring,NXT-USA is stable in the nutraceutical sector. Maintain periodic BD touchpoints.,0,10.0,0,0.0,0,0.0,0,0,0.0,10.0
Northern Solvents Private Limited,"Contract Manufacturer, Ingredient Supplier","ingredient supplier, contract manufacturer",,20.0,TIER_3_MONITORING,LOW PROPENSITY — Baseline Monitoring,Northern Solvents Private Limited is stable in the nutraceutical sector. Maintain periodic BD touchpoints.,0,10.0,0,0.0,0,0.0,0,0,0.0,10.0
Ensure Support Services India Pvt. Ltd,"Contract Manufacturer, Packaging",contract manufacturer,,18.0,TIER_3_MONITORING,LOW PROPENSITY — Baseline Monitoring,Ensure Support Services India Pvt. Ltd is stable in the nutraceutical sector. Maintain periodic BD touchpoints.,0,10.0,0,0.0,0,0.0,0,0,0.0,8.0
Solabia Nutrition,Ingredient Supplier,ingredient supplier,,17.0,TIER_3_MONITORING,LOW PROPENSITY — Baseline Monitoring,Solabia Nutrition is stable in the nutraceutical sector. Maintain periodic BD touchpoints.,0,10.0,0,0.0,0,0.0,0,0,0.0,7.0
Wuxi AccoBio Biotech Inc,"Supplement Brand, Ingredient Supplier","Branded,Botanical extracts",http://www.accobio.com,17.0,TIER_3_MONITORING,LOW PROPENSITY — Baseline Monitoring,Wuxi AccoBio Biotech Inc is stable in the nutraceutical sector. Maintain periodic BD touchpoints.,0,10.0,0,0.0,0,0.0,0,0,0.0,7.0
BIOWEG,Ingredient Supplier,"Bio based ingredients,Fermentation",https://bioweg.com/,17.0,TIER_3_MONITORING,LOW PROPENSITY — Baseline Monitoring,BIOWEG is stable in the nutraceutical sector. Maintain periodic BD touchpoints.,0,10.0,0,0.0,0,0.0,0,0,0.0,7.0
Mueggenburg USA,"Supplement Brand, Ingredient Supplier","Botanicalextracts,Herbal extracts",,17.0,TIER_3_MONITORING,LOW PROPENSITY — Baseline Monitoring,Mueggenburg USA is stable in the nutraceutical sector. Maintain periodic BD touchpoints.,0,10.0,0,0.0,0,0.0,0,0,0.0,7.0
Ravago Chemicals North America (RCNA),Ingredient Supplier,Specialty ingredients,na.ravagochemicals.com,17.0,TIER_3_MONITORING,LOW PROPENSITY — Baseline Monitoring,Ravago Chemicals North America (RCNA) is stable in the nutraceutical sector. Maintain periodic BD touchpoints.,0,10.0,0,0.0,0,0.0,0,0,0.0,7.0
TEKsystems,Nutraceutical,Unknown,,15.0,TIER_3_MONITORING,LOW PROPENSITY — Baseline Monitoring,TEKsystems is stable in the nutraceutical sector. Maintain periodic BD touchpoints.,0,10.0,0,0.0,0,0.0,0,0,0.0,5.0
order comprehensive blood panels.,Testing Cro Consulting,Unknown,,15.0,TIER_3_MONITORING,LOW PROPENSITY — Baseline Monitoring,order comprehensive blood panels. is stable in the nutraceutical sector. Maintain periodic BD touchpoints.,0,10.0,0,0.0,0,0.0,0,0,0.0,5.0
Coherent Inc.,Nutraceutical,Unknown,,15.0,TIER_3_MONITORING,LOW PROPENSITY — Baseline Monitoring,Coherent Inc. is stable in the nutraceutical sector. Maintain periodic BD touchpoints.,0,10.0,0,0.0,0,0.0,0,0,0.0,5.0
HCRC Staffing,Nutraceutical,Unknown,,15.0,TIER_3_MONITORING,LOW PROPENSITY — Baseline Monitoring,HCRC Staffing is stable in the nutraceutical sector. Maintain periodic BD touchpoints.,0,10.0,0,0.0,0,0.0,0,0,0.0,5.0
Joyson Safety Systems Hungary,Nutraceutical,Unknown,,15.0,TIER_3_MONITORING,LOW PROPENSITY — Baseline Monitoring,Joyson Safety Systems Hungary is stable in the nutraceutical sector. Maintain periodic BD touchpoints.,0,10.0,0,0.0,0,0.0,0,0,0.0,5.0
