person_name,company_name,movement_type,role_title,previous_role,department,date,evidence,source_url,source_name,confidence
Housing Heavy,AHB,JOINED,Hitter John O'connor Parachuted Into Circle Amid Regulatory Concerns,,,,,https://news.google.com/rss/articles/CBMi4wFBVV95cUxQd2dINFN0SEM4T1AyOW1GMV9kdGVpbF9qdzV6czQ5T20wRXJtSFRZMTRKd0pxeVZxdERSdGUzd0NQWXlJd0J5dWNiSGpiUmNDWm5BMWp2OGNsY2xfcldybEk2b3AxZ3NMSzZjX1VxeVJnNl94RV94UVZvdHJwM2tRT1RfVmxhVF9FVG1XNW9rM3ZKczFBcEdRam1WQjBEcnlSMTZOUkhrSU5TN0w4VUV2UTJRRUF5NEpMY1VDWEVZVHZOQ05IZWdkQ3FqdlN6djZQRFhxYzAwbVdhN1hHRy04MVIxbw?oc=5,LinkedIn Public Signal,0.85
Olivier Lavaud,Alvinesa Natural Ingredients,JOINED,CEO,,,"Thu, 14 May 2026 07:00:00 GMT",Alvinesa Natural Ingredients appoints Olivier Lavaud as CEO to drive global growth - FoodBev Media,https://news.google.com/rss/articles/CBMisAFBVV95cUxOanFPS3Fja2t3aENLRUJHX1lWMVRqOFpiTkpiNmtVMlZ2SlZLUEpmRWpGdTFzWlNCN2h4UjFxWjhJbWtDMGFaZHZwZUtnUFFaOXBQRFRsZWh1NlFJUGlfWGhabDVkMm1MU2hmUmZSYXdVRnZkalRIUjA0dWY4T1RHVWlxLWQ0cVA4bGJTWXNkR3VfaHRnYVpYZVdCYlAwaEpUZmdyczAzRDFDanRDMnZLTg?oc=5,FoodBev Media,0.92
Sydney Staedt,"Bioenergy Life Science, Inc. (BLS)",JOINED,Marketing Manager,,,"Fri, 28 Jun 2024 11:24:25 GMT",Bioenergy Life Science appoints Sydney Staedt as Marketing Manager - Nutraceutical Business Review,https://news.google.com/rss/articles/CBMimgFBVV95cUxNdmQ2N1M3UjdWY2t4WTBXbTVzQXcxeFBSbW5hNGxaWTZ3aFVmQ1l3Rmh0SjlZTVQ1RG9SNUFkLWtsOFZHdVIxclN2NDJlY1c4WklEV3J1WDJXV0lpc3JOTzYxdGFZR2lBalRZS29JRlU0RXowMnJuS1hJeGEzOTZnaWRham5kSUNPMGxPcW1VaHJ3a0tHX0d4OUl3?oc=5,Nutraceutical Business Review,0.92
Sam Schatz,Biohm Technologies,JOINED,President,,,"Wed, 20 Mar 2024 22:55:31 GMT",Biohm health appoints Sam Schatz as President to drive company's continued growth - Nutraceutical Business Review,https://news.google.com/rss/articles/CBMiyAFBVV95cUxNRzhDWENYSU9BUzlYbzJHbTR2YmQ5MWtDV1pWUWRsNmxkZ3NzZVdERzFOWk15WGhsWXVzUlJyMFpRcS1TSkxOVDIxeGJhaWJwb2VKS0U0UlFSNzZHdWgwSDR2Q1cxdWJ0OXBkdHFucURwRDdmU0hsMHpiRVpqREI0c0lncC0yRE1EbjE3YTYydUlpd1VUUzE0eDNuVm9LcVhETEY0Y0I1MWMzRlB6R0ZXSTl1bV9BN3J1N2otY0ItYnBTcmpQbkozdw?oc=5,Nutraceutical Business Review,0.92
Khatera Alawi,DFE Pharma,JOINED,Global Director Human Resources,,,"Fri, 24 Jul 2026 07:00:00 GMT",DFE Pharma appoints Khatera Alawi as new global director human resources - Pharmabiz.com,https://news.google.com/rss/articles/CBMib0FVX3lxTE40UlJKTXlodW5WUUVaeXlTUHV4M0d2ckJ1Yk9sczJ1NmYydzZ6RVdkajdqS3F3ZDA1clVVRElUZ2Rsd2h0UmlvTmhMX3dxUkhCNHRzZDJqLVA1eGloemhkMkhkZGN2UGxFMmhoaEhobw?oc=5,Pharmabiz.com,0.92
Sven Abend,DFE Pharma,JOINED,CEO,,,"Thu, 16 Jan 2025 08:00:00 GMT",DFE Pharma appoints Sven Abend as new CEO - Express Pharma,https://news.google.com/rss/articles/CBMie0FVX3lxTE9MZXY1RWoySUZZcVk4YmpQUkJkaGVOTHEtTVdlVXRZUURNT0ZEMVU0a0VBdFZJODRiaWRHNTNtWDM1U2RDb09sOXJQTHdLWV90VG9Oc05hQWpKNzFlWUozQ3dCazhzbzJfV054c280Nnl4OEltUERfUExuVQ?oc=5,Express Pharma,0.92
Nikeisha Van Sleeuwen,DSM-Firmenich,JOINED,Chief Human Resources Officer,,,"Sat, 17 Jan 2026 15:21:49 GMT",dsm-firmenich appoints Nikeisha van Sleeuwen as Chief Human Resources Officer - Nutraceutical Business Review,https://news.google.com/rss/articles/CBMimAFBVV95cUxQbEx0ZFQ5ZVZMMmNCRFMzYldhajBEUnZ0LU15b2JZVFFTQVA2alYwQXhKN2ZaamliNWZKWXVQZTVhbHEzb3BBV2gyNHFWbXBNWHp6T1hZMFk5Y213aXNqNkFybnVOUDlVWHU2ZFJJcks2YmVJX29QQk5CVWdUUVAxamJUT1YxVV9QdU11clUxNnkzTXJyNXMwbg?oc=5,Nutraceutical Business Review,0.92
Omp Unveils Decision,Evonik Oxeno,JOINED,Centric Planning to Accelerate Supply Chain Decision Velocity,,,,,https://news.google.com/rss/articles/CBMipgFBVV95cUxQRmNUUEZMakJpOHZSc3d0ZEc0UXVSbHozVWRKdnNQbm5OX0ZvQjZobHRRaDdoWnVKMDVLc0k0X3dweXRCZElENFpvcnhsVmg2S0RqbVdQZERFVmVGLUNpM3k0am5pV2h5ZlpNd2prS3EzcVFFWkFjR3BMcDgxalRqdjZCbDZRaEQxSEktWUlWVld5SjBkaDUzdVVWcG1jZU54LVV2UUJR?oc=5,LinkedIn Public Signal,0.85
Kimberly Nelson,"Kemin Industries, Inc.",JOINED,President,,,"Fri, 30 Sep 2022 07:00:00 GMT",Kimberly Nelson Named President of Kemin Nutrisurance - PR Newswire,https://news.google.com/rss/articles/CBMirgFBVV95cUxPMkVVS2k5b0FocGxCeGxwakwydHhrM1NEYVA0OGptdGhyaUZLaEd5T1pjV05DdUNYaE5JZ01aTWRfNzFjT1pDS2gxZklUcUk3WGdvSzlIZlQ2TV9ncWttcjRRRzNQZDVGOUtEZ085a1dqN2hObGtpOUtSVG5xMHNuZUNmRjZyeEtyVFE2YkdSc3lvTERva0RYNEZSallQRF9mUVRKaEx2d2FnRjVqcXc?oc=5,PR Newswire,0.92
Dafna Cohen,Lycored,JOINED,"Asher Named CEO of Lycored, Adama",,,,,https://news.google.com/rss/articles/CBMimwJBVV95cUxPOTZMQnNPdTk2V1RfUERSWlByWjJHUDFCcHdJckxuWWROQl81RUxENWtaTmNxaG9HbEhybUVLbndfNUQxeUNSSlJxQXZRdFl6cUxkM3FLMlRUeWtPZjhnYW0xVkg3WEl5R05OWVQwY2VfekxjMi10NzBrTndmWXNoUzQ2VG1kc3hTWHcyZlZJRUFua3kzSjR1ZU5pM2FuWTdDa1lKR0RKVVVLR1dINm9oQnFrOFI0R0lvaE9kaTZQM1FLMUJCd1NvRjlSaTYxTWF6RENYTlRFQko3ZkdFaFhsaUJ4WlhJcmctdWI0UGp6MFUySVhTWExzRXg5c2VyUmk1Q3FJLTBEVy1mMWw2Vnh3Zi1TMDUzUmJMT2Fn?oc=5,LinkedIn Public Signal,0.85
Rony Patishi,Lycored,JOINED,Chillim to Head Lycored,,,,,https://news.google.com/rss/articles/CBMiigFBVV95cUxQWTVlcUx1c00tRzdsRTBRSjk5d0xiREtWRzBrakp0NXE4d2M5Q0lwTWpzRXZwc1cycV9mdVdJODkwbFI2SmRJb2EyOE8tTHQyVXg5T25lMEtMeFBkaTVRWFVjdGNjNnFqckdlNU1jY3BZOFBDNkZNbkdrUGZwVDJGbjFfLXpEZU01VHc?oc=5,LinkedIn Public Signal,0.85
Scott Engberg,NXT-USA,JOINED,Its Vice President,,,"Tue, 22 Oct 2024 12:02:32 GMT",NXT USA appoints Scott Engberg as its VP of Sales - Nutraceutical Business Review,https://news.google.com/rss/articles/CBMijgFBVV95cUxObmtiSVA4cXVSY2FQU3JuTmJyWkxiUVM5cGhFc2gzcUJET1hIQ3lyc0xWMGhDd0lDaTRkOVI2N2xIRlhTYWZwRWFoQWU0TjFXTmM4NEthY1pudU1JX1RXZ29ibnJpMWhBYkh2TU4tMFZGUUdNeVdCSGJyemhuSVg5d0taNEtFRWltZE4tcVRB?oc=5,Nutraceutical Business Review,0.92
Devin Stagg,PLT Health Solutions,PROMOTED,President,,,"Mon, 27 Jan 2025 08:00:00 GMT",PLT Health Solutions promotes Devin Stagg to president - Baking Business,https://news.google.com/rss/articles/CBMiogFBVV95cUxOYktXWF9EZXRCZ0J0RXBqdGNHQ3I2NG13X0N0cVp3TmpFUnluQ1FISmRwTlNybFRXSjFCR1R6Ul9jY0J4QXh1a2NjODlhODlkVnktdjMtV2JDZzlpMDdqS3JNTThxa25nY0JqS3hicnRadGFvY19VSnY3bW44ME9hQkN5RkFNRmhUbjFUMnliNDNKOTN2WUdkVzZSS1NHODl6RGc?oc=5,Baking Business,0.92
