company_name,category,headline,summary,counterparty,location,date,source_url,source_name,confidence
AB Enzymes GmbH,STRATEGIC_PARTNERSHIP,AB Enzymes appoints Behn Meyer for Southeast Asia - Ingredients Network,AB Enzym,,,"Mon, 12 Jan 2015 08:00:00 GMT",https://news.google.com/rss/articles/CBMiogFBVV95cUxQSmtiOFBONVlZREZuTlo3eXQ3VDdCcXhtMVBueGFMb0RPZWdXam44S3J1dERLR3FqYXVmN1pxMXgwZW5zVzBaWWtobzRhQ05RXzloNG9yUnBHQi1lNWsyb3dKVHh1UU5RU1RlSFJZWEt4dDRONjg1VUs3RDZnaGY4YlBDWFdZV0dGeTA3TExtVFNGaDBiaVNPejJGYkQ2Wlo4enc?oc=5,Ingredients Network,0.88
Above Food Ingredients Inc.,PRODUCT_LAUNCH,Above Food Launches $350B Gold-Backed Platform: UAE Partnership Creates World's Largest Digital Asset Venture - Stock Titan,Above Food La,,,"Mon, 05 May 2025 07:00:00 GMT",https://news.google.com/rss/articles/CBMingFBVV95cUxOTWllWUN1RDJPT3VCSC1Qa3RVTUVzT2pIY0wzSVNMUl85LU12bWtkRmg3WmRhQzNZTERoLU1pcVMwT0ZIbDlSVERjbTRZRkVZcURsWUFTYllwLXpmRUhaVVQxOVZURVFWc3VhNUozRmd0LUh4SXBiQWhYX3hlSjk5Q3IwWUFSalpGRXFnR0x2QW96ZzZ0ejVoeldyYnhnUQ?oc=5,Stock Titan,0.88
Above Food Ingredients Inc.,MERGER_ACQUISITION,Above Food Ingredients Inc. Updates on Palm Global Merger and Approves Appointment of Auditor with Tokenized-Asset and Crypto Currency Expertise - TMX Newsfile,,,,"Thu, 31 Jul 2025 07:00:00 GMT",https://news.google.com/rss/articles/CBMilAJBVV95cUxQMzVSWThvMVhrbHd0YklXeUZEMHZqbzRqYlE4Skl2eHNEVDhVYWtHZGZfSDIyNTI3RGtpSHJqLTVVd2FyTTFrQ0FNWnA4clFRR3ZfQU90YVQzeWk0TjBnU2w5Q2NXLXZ4TFhiM3ZzYlhnSDJBSHQ5eDJBNUFuMk9RUXdldkFycDRYWWVmMEZMYU96b3hxa2lZV045UVZxTTZTZkRiR0dhazdwZlEyVmNaUloyZ0lCcEp5UDVRanBPYmlkeU1sdXJjUkg0czc3VVhYckNkd0RUbFhTX1B0SzZVWm9ZUTVjSGx3WC1YU2puSTR5OTZVdUVCY0t5UkpPTktrTm9QTjEtOEEyVFhFaWlDZHlBeDU?oc=5,TMX Newsfile,0.85
Above Food Ingredients Inc.,MERGER_ACQUISITION,Above Food Announces Strategic Acquisition of The Redwood - globenewswire.com,,,,"Fri, 09 Aug 2024 07:00:00 GMT",https://news.google.com/rss/articles/CBMiwwJBVV95cUxQY3l0WEVlcEtRY0hPaFZCSnFpbjgyeV9hZVhCNVVLTnh2aHkzckxMaDZKV3lBRVhZaGZULUR0RHlJdEdSTkx3M0NkR3l2MHA2N3dMbVc1Wjczd21KLUtNTlZGU3VuLUdVOW5xR056WkhXa3Q4cEJyN3I2dnowUTZrZU5RNFpNWDl1QVotOVhBbjNOcG9kYkJmQzBGRHJQZVlrQXI4YlN1aWN4X3FINGI5OUoyeWNNM0d4eWZNRkg2VmstMnpCRG0xSkNvQW5HU1F2bllJUHNFM3NLamhsdkhCZ1dCeTgxZ2dYM21ndW92eXRURUtPQWtmSi1EXy1IbnNMQXFXOFp0RGNjcTk0OFcwdVhfa0lpdFoyQnZjU2YxZjdvRnlOOWJDQ0QwcVFaLUVBQU1qRkg5NFI4Wm1DdzM1aDQtaw?oc=5,globenewswire.com,0.85
Aker BioMarine ASA,MERGER_ACQUISITION,Aker ASA: Merger and optional cash offer for Aker BioMarine ASA - TradingView,,,,"Thu, 16 Jul 2026 07:00:00 GMT",https://news.google.com/rss/articles/CBMixwFBVV95cUxOSFhCWXZjUnB6bmFZLTVtdXZxR284YkpZeUZnWVFqbkhWWnkydG5mY2NSdXFhXzkwYmg0el9wNElvWkhVM0ZfWENpUTVlY252RmRSYm9nQ1I4SVNyak1XYkNJTWVfdDNpU1VOSWw1QjlHOUdvLWNUdEFwc3ZUb2VwYVg1ZjZHYmZDQ0c3X1RlSFZWWkNaV2daOVhMNVhRQ2ozSXJ3OXJFamdfWGN3cnRPR1BpX0JKNVJ3ZGtGMEZILWV0SW1IY1VZ?oc=5,TradingView,0.88
Aker BioMarine ASA,MERGER_ACQUISITION,Aker ASA Completes NOK 765.6 Million Share Buyback for Merger Settlement - theglobeandmail.com,,,,"Wed, 26 Aug 2026 07:00:00 GMT",https://news.google.com/rss/articles/CBMi6AFBVV95cUxOcUEybkRHWTBJUGstc0ZNOXRwaWJHSGdQS09MWFF6MzVnWklMenA0WWZ0QUF1cjFFNVUzREJpODVqLWZCSG1jVmVFQ3RLcnlPdXJOMnZEN0tLSVFXOGFjdXE0RnV6V20zS1FwRnhGUXV6Z2g4dDhYeHhkOUVweUk0VzNZa05oOTNsZ0ZmMzlZSnpuY0o2M3hIUUszS05hLW94VWluRjJWU2dhQlhacHNPcUhlU0I1bWZIbFhzT2p4eXVkSTkwQXVHYVJSZEU3OE1weWZGMjZ1RzM4NVRwWTRDXy1WNGxyRXVu?oc=5,theglobeandmail.com,0.88
Aker BioMarine ASA,MERGER_ACQUISITION,Aker ASA: Internal transfer of shares in Aker BioMarine in preparation for completion of merger - TradingView,,,,"Fri, 11 Sep 2026 15:00:00 GMT",https://news.google.com/rss/articles/CBMi8gFBVV95cUxNUmlEUXItUkQ4THlrYVo2N1BEQjhoMFk1RlV6NDZGdUowaEFLSjJiSFVmb1BzaHZoUEx5VEFUZWFNZHBOeXFHWWNlaE0yb01xM1U1NW1DN0dXYzhJeFMtcWdNYmo2REF1cDE2S1E2ckk0R3dpaVlyaVBnOXNmRjhpWi00eVJSckRVUXEzT0lVZklIVDRncE8wTUVsbmFKQng4VFAwS2JlcUhpMEZlNFRLWVNFQUR2SUh4Y2ZVRnpqNnVKQUlNekdDMzBmR1JKY2ZFUVFrTEtsUElJNHVTN1B4elRoYnV0eHpSc1QycEJxZHdQZw?oc=5,TradingView,0.88
Aker BioMarine ASA,MERGER_ACQUISITION,Aker ASA Advances Aker BioMarine Merger and Sets NOK 9.2 Billion Valuation - TipRanks,,,,"Fri, 11 Sep 2026 15:37:18 GMT",https://news.google.com/rss/articles/CBMixAFBVV95cUxORS13Vzl1UmF0NzJ4azMwWnFnVHlnZXJXeVlVeWIxVUdIaW94dTlOaE44LWU2MC03bW5rUUNJMDFqR2xaYm11cUtfVEgxcGU1OWJBX04zaUdSaEU3b0lBVTE1WHNOV2twcmRsN2lvUkkyR1AxVzdKYTBVOFZsdVZGLWstUmpLMEpxckRPSkFCRFdqM3V4a0E3UHAzQTdNVlFBMExJaGtPT25JMGF1elMyd3BucnNYUGRha0tmYUhyRlNMV1Mz?oc=5,TipRanks,0.88
Alland & Robert,PRODUCT_LAUNCH,Alland & Robert Expands Its Normandy Production Facility and Launches New Range of Acacia Gum - Asia Food Journal,,,,"Thu, 08 Feb 2024 08:00:00 GMT",https://news.google.com/rss/articles/CBMirgFBVV95cUxNU0sxRVdwd0lob2kyMzRwOU41TERJa1VJaUdYeG9PemYxcVREU1EyYml1enB1RXVEcEVqQlFWSFYxNFdDc1RCc1RwY0xBd1dqRFVjdXRMUjhQbTJsR2E3VHlNZE4xZ3pxWGFBdWoyX0dyNzMtcm9JajNOUE0wRF9hR1ZwZ2toZFJESEowVEYxRHJ2QWRPVnJJd1NNVGY5NVcwMWtXUmpwVTU1VTJtc1E?oc=5,Asia Food Journal,0.88
Alvinesa Natural Ingredients,MERGER_ACQUISITION,"A&O, KWM advise on ICG´s acquisition of Alvinesa - iberianlawyer.com","A&amp;O, KWM advise on ICG´s acquisition of Alvinesa &nbsp;&nbsp;",,,"Mon, 22 Mar 2021 07:00:00 GMT",https://news.google.com/rss/articles/CBMidEFVX3lxTE1HMnpsOGFhQzlleUVsX1pOYTZ4cEtJZDkwLThHVWJaelZvUzhRQkMxcm02dG1jZXQ0U0JwTEpiMERqVjhkQnpJOHdWZDBvQmwwM3RuVXptYVdOTzJHR204NG1mVWRRTWNjN3NEbEsycU9FMF91?oc=5,iberianlawyer.com,0.88
Alvinesa Natural Ingredients,MERGER_ACQUISITION,Alvinesa Natural Ingredients acquires two South American grape by-product valorization companies - Nutritional Outlook,,,,"Fri, 05 Jul 2024 07:00:00 GMT",https://news.google.com/rss/articles/CBMi0gFBVV95cUxQTDBUampESXQza21ZcXRtanlBZlpaWEJoRWswZVlxNl96aE1UTG5zVjFhWTdrSmJrY29SemdxMlByZ2R5SGV6YWRQSmRrMnJ3czRXYS02eFh1cnU0a21TVVRTaWlmbWNyc1l0eGZaSFRIOXNUMnhiWW5FRmlmMWlaUFdWSDRSUHY0bWd5UmNXQUZ6QmJjSTB5clYtWEFCcHZ2WDBqTDBEcHZGaGFfa2FWUEFibm53a0hvdm1UVzNpRXM1dVJUNFdHb3NSNkpZR0dvZXc?oc=5,Nutritional Outlook,0.85
Alvinesa Natural Ingredients,MERGER_ACQUISITION,Alvinesa Natural Ingredients acquires Cades Penedes - NutraIngredients.com,A,,,"Tue, 15 Feb 2022 08:00:00 GMT",https://news.google.com/rss/articles/CBMipwFBVV95cUxOSG4zWW93bEN2TS1sUjg4WmlQLUZQYXZQeXVrVjVIckpyUUhESHAyT3hCRW1iOHdfYmhxdVRCNWdtNkczMmFZdi1LRUtxVzhJZExVZ0NscEhGczBJbnhLNUVJT3BUamJKY19tSmRrSWNSa2h2Tm9HR0NKZXNZM0lKczZ4eE00TTcxRjJqenpKckNGNFRxVW1Yc1JrdU9CQk9vd1B1dWo5aw?oc=5,NutraIngredients.com,0.85
Alvinesa Natural Ingredients,MERGER_ACQUISITION,Alvinesa Natural Ingredients acquires Chilean Industrias Vínicas and Argentine Dervinsa - Asia Food Journal,Alvinesa Natural Ingredients acquires C,,,"Fri, 05 Jul 2024 07:00:00 GMT",https://news.google.com/rss/articles/CBMiiwFBVV95cUxQaUhHYm9jN1ZVMFY3X3Z1YU9TdUlfdFc5MGZtb25xd2lMcEdtR2UwVXFXRU8yRXBZRkZQNm95RVNXV09WT2xHYW1GcGtJLXN2Tk9fam9NQ3pRRzZpNUdrUHF6cF9weTh3TmRGRUdIZjJ4bExjdnBPdmtWZzhIYlQtWEVKU1pqNlAwZmhV?oc=5,Asia Food Journal,0.85
American Botanicals LLC,MERGER_ACQUISITION,MartinBauer acquires wildcraft herb player American Botanicals - NutraIngredients.com,,,,"Fri, 10 Oct 2025 07:00:00 GMT",https://news.google.com/rss/articles/CBMitgFBVV95cUxOd2JRcVlPWFFNOFJ1YWtSODVvNUhxVDkwdHF3ZFRNYzl3T2wyLXVoWmZTWng2QUE1M215UEUzWm8yU3ZtVEVXbm02QUs3UHhjd0pEY0w0d2ZWY1VnNmlOaXFncGpOcDBIMHB2aWlmcXBEWmtkVTVJc2pPdERqal9XRmN3MGdkR2VBT3MzcXYwX1VCclZhSEh3Y1lJd1dsQVB6dk05MExQbHlJbEVfWWljR2ppbE8xQQ?oc=5,NutraIngredients.com,0.85
American Botanicals LLC,MERGER_ACQUISITION,MartinBauer acquires American Botanicals to expand US sourcing and strengthen global supply chain - Nutraceutical Business Review,Marti,,,"Fri, 10 Oct 2025 07:00:00 GMT",https://news.google.com/rss/articles/CBMipAFBVV95cUxPS0xxSnBwQ3NpcjluLUtIUjloTWp3RTlGLTFtV09VNjZuajJ3LWFLcjE1LVhHZ1Z5UEs3MHBuOElkR2UyZXRqc1F1OTJwelZ2NzlLdk9lb0ZRMGd4MXNZemZudzA2eFl2RE5JeGFUa2NEd2txRUtOa2ppMFg3RW1lRjNCamYxMFZDbzhIQkQ1WENlZHEzQUNtZHRiSEZERVNUc1ZPUQ?oc=5,Nutraceutical Business Review,0.85
American River Nutrition,MERGER_ACQUISITION,American River Nutrition joins Everwell Health in recent acquisition - Nutritional Outlook,,,,"Mon, 05 May 2025 07:00:00 GMT",https://news.google.com/rss/articles/CBMirAFBVV95cUxQWUhVeksySVNncXVJRGtsaG1XNlFudEQwLVNBVFZwaDkzQ2g4anpKOUFPRUN1ZjFyTDVLNFE1Qnl5ejVVRUM2TFRwWDJUTTJ6cVBhMjBPWkdFWXdHOHBBS3Q1ZF9QUjAwWWo4RFZGTWJyYnl5MTE2cWFJY2lUd25tUU93bGYwak9FdWVQWUdXRkNEcVVPSlIySlVHdGdPdU1QaGhXSEJYVE81S3Jq?oc=5,Nutritional Outlook,0.85
American River Nutrition,MERGER_ACQUISITION,Everwell Health acquires American River Nutrition from Designs for Health - Nutraceutical Business Review,Everwell Health acquires Ame,,,"Wed, 07 May 2025 07:00:00 GMT",https://news.google.com/rss/articles/CBMikwFBVV95cUxPMjhaeExzS0Ewb0VQWHVIb1hZRExOaXNNbHJkZGZIbTFnVHk4aWNIeHpBLW1VUlEzdzdPeFpQNER3MXhyVnpvQnhGTHRvcVFVMnRkdVNYaDRtUHZweXdzS1RvYlg1c09TQUhhbnpxbnU4TjBEQk1wSXZRSnRsYzdlU2NRbTUxbEYtdEd1NEluOWs5RTQ?oc=5,Nutraceutical Business Review,0.85
American River Nutrition,MERGER_ACQUISITION,Private equity firm acquires American River Nutrition’s anatto-based ingredients - SupplySide Supplement Journal,Private equity firm acquires American River Nutrition’s anatto-based ingredients,,,"Thu, 08 May 2025 07:00:00 GMT",https://news.google.com/rss/articles/CBMiakFVX3lxTE45RmI3WV85YUNHVGw4NGZjMHctRnZ3Q0REZmpIR29nRWRnSDhOb280QkpzcFZnLXZlaWR2VEpEX19YeEZCUWZGX3NwbEdKT0UydXBBcVlxbmMzSzNhWWFBSDFiaGRFRVZzanc?oc=5,SupplySide Supplement Journal,0.85
American River Nutrition,MERGER_ACQUISITION,Everwell Health Completes Third Strategic Transaction Within Three Months -- Acquires U.S.-Based American River Nutrition - PR Newswire,,,,"Mon, 05 May 2025 07:00:00 GMT",https://news.google.com/rss/articles/CBMigwJBVV95cUxQZVFZcUlxRWFyVEI0Z3d2aHpDX0taVVNZM1BoN2NVaGxucE91WkFlNmhBUHQyV2Vjb2ZWRDNEYWMwNTQzc3BhVkxOcUxBdGJWT0MybzZCUEJ4TDlCMDhmLW5MWGxpN0NCbTJiNjJQbmpMTzdSS29hTFF4LUsxUGdHOHRhVUJBN2ZuWEV3VTZ3dmlBZ21DcTdzSDJhNE9udmhGWnFmcnJMeWpmV0Y4emlraHhJcTZaSl9pSkhKejRDZDlpcC1RanczbnhfX2p6bWNTZWdvcVN0NXJLTjZXYm41MnJ3c3o5cVllb1JLT3gwNWMxZWZtajRvdmR4RFhUc1ZldjNN?oc=5,PR Newswire,0.85
Applied Food Sciences,STRATEGIC_PARTNERSHIP,Applied Food Sciences invests in and partners with KÄÄPÄ Biotech to launch organic mushroom extracts - Nutritional Outlook,,,,"Wed, 09 Aug 2023 07:00:00 GMT",https://news.google.com/rss/articles/CBMi1AFBVV95cUxQcnNRN0JvUC1zQS1CY0pfMjNnTFRxRGdMODJteEU4SHYtUl9WWktRdk1RVmM1NU1NcmpjaERfeDN0YVVDazRGLWttQm5xQmRFbV83ZS1tN1JWMnJaM3dpSEE0Z1ZxLXdJM1pSWnNUM3BPRHh5aUhjM0hmOE1uM2FpU05iUmVvUDRvTGlWczVOMjVCY0JDeFdreXZieWJFVUhPU2NXajRCaFYyVzZZWlhhSTdGOVM4cURlSGJXZlBaNEFjSk1PVnBzN3pHQm13YmQwdkh3dQ?oc=5,Nutritional Outlook,0.88
Applied Food Sciences,STRATEGIC_PARTNERSHIP,Applied Food Sciences Partners with KÄÄPÄ Biotech to Launch Organic Nordic Mushroom Extracts - Prepared Foods,,,,"Wed, 09 Aug 2023 07:00:00 GMT",https://news.google.com/rss/articles/CBMi1AFBVV95cUxNcnVkT2owM3lBNnJYVnVjdmdiaThMbmNYLW5nR05JOHhJVGhRT01XTnRtMGM1XzAwd0dDTnl3NWZkREVodzlpNEVtVFRlQVl4UGJMZlpxNlJoTGZYUU9ZR3RMMTFoMzFHWWdZNU03MlVpajJuUGpJNmw0SFdyZkpSQVFYSlAxSndQTmF6ZnFCajk0MmVzcENRbjFQVFU3elE4Z1k5TDVtTUtxV1hsRTg3VnhrUmNIU3JVVENpRTVmbWtOMElvODNnUXdnUGo3cWhvN2N2YQ?oc=5,Prepared Foods,0.88
Applied Food Sciences,STRATEGIC_PARTNERSHIP,Applied Food Sciences Partners With KÄÄPÄ Biotech to Launch Organic Nordic Mushroom Extracts - globenewswire.com,,,,"Tue, 08 Aug 2023 07:00:00 GMT",https://news.google.com/rss/articles/CBMiiwJBVV95cUxOTUNnX2NvMldzVmxoeFBkTWZad19BQUptb3diLWhSQVQ2b3hPOUJmVGVlQzdTeEVZMC05RnJrQzl0SVBBSDBqT21oZTdsUVJzeFJkWHh1MkxtZmIwVUY3Nkxqc0NDdDRjMG1vb25ZZkZwR0tBY0ttUkh0Y0QtY25ZNHJROGRaRmNVR1l4UldUT1p1ZzF0ZXNKVEdYakRxVGN1czIwQVQtTE5IOVp3alA5T3RnZ21EYkpUVFhIM0E0WEI4X2J0SEF0b0J6eHVjQlVyRnN0a2pMcjR6aDZrU3ZrbVE4ZThnU3I3M1hILWtfaEFMajZqSFNrTHdwdFQ5d0lLZTZtX0ZvbWVKYU0?oc=5,globenewswire.com,0.88
Applied Food Sciences,PRODUCT_LAUNCH,Applied Food Sciences Introduces PurGinseng – The First-of-Its-Kind GRAS Panax Ginseng Extract for Modern Applications - BevNET.com,,,,"Wed, 23 Oct 2024 07:00:00 GMT",https://news.google.com/rss/articles/CBMi5gFBVV95cUxQbkc4NUU4MGRhTXVPTHpwTlJfMWNVY29aZncxMGFRblZTZjNQLU1ta0diUWZWVFpjTzhrV2NzLS01TGJmUzlzdDhkRXFqQU1QU0llNHVTRlpBNHZnV19LV242enBRTnZ0UTlrb2N0S1UwcUhCTlVHTlptQVpqczd6SUFvWS00UXRYWDMxZldpWndpN0E5ck5xV095cVpaN3lPSVZzV05kdzF0Y0lyU3RSdXhwaTJ4U2pKSUNzODN0bVRyWkM0SHFfTk1RSlFaczJlRVNUcUNNaFN2NlNPRXlpdS1jZm9qZw?oc=5,BevNET.com,0.88
Ayana Bio,PRODUCT_LAUNCH,Ginkgo Bioworks' Ferment Consortium Launches Ayana Bio to Produce Plant and Fungal Bioactives for Herbal Medicines and Nutraceuticals - PR Newswire,,,,"Thu, 09 Sep 2021 07:00:00 GMT",https://news.google.com/rss/articles/CBMilwJBVV95cUxPbmRkLTRpUFlyZTltYUZfN2FncjFBcFYyTWRFUlVTOWZpN2pCTzkwR09pNURSZVlHQzQ5TllwOHo3R3dSZ1BibG12SGEzSDh3UUhBdE1Pd0JnamZFOHBJQVh1VUpqZEw1LWZpR21iM3cyaURkem16cXAzb1g5MkZQM0d6S0lvMjB4U2tuMVhwYlo2NWV1MVFOR21FZXdHUm9mcC1kdU5YTVUyclpobV9uOHBWZy14dTJmcGFyaUV5SWpmWFl1N1d5bEdQX0JoeHE5TWJjbE9FM1BPYzVvMTJvTEdKVHVNVGlYVjA0T045RUN3dXBLeXp3WDB4U09fWUJWZzNNc2pOTGdqQm94SnRORVNrbmp4alk?oc=5,PR Newswire,0.88
BETA CAE Systems,MERGER_ACQUISITION,Latham & Watkins Advises Cadence in US$1.24 Billion Acquisition of BETA CAE - Latham & Watkins LLP,,,,"Tue, 05 Mar 2024 08:00:00 GMT",https://news.google.com/rss/articles/CBMiqwFBVV95cUxNY2ktc2puZ3l5SS1xVzhyUXlHd3FZLUVYcTNNdGNNSlBWYUpoQmdYYnFNMXFUMi0tdGVvaTUxb010Vjdkc3NuYkpfQmdSUThUZkg0T2NqVm9lRzVwR2tiVGRfRklQd2JOdGlFVDZtWGozYzBDWWs4enhvSGJtaGF3M3lwTFdNWm5ETFJBY1hJTGtUemlCZXR0YjVWdnZ1eWpkdUxhWnkxSHZNbjQ?oc=5,Latham & Watkins LLP,0.88
BRAIN Biotech AG,PRODUCT_LAUNCH,A brain biotech launches with Roche’s spare parts - biopharmadive.com,A brain biotech launches with Roche’s sp,,,"Thu, 13 Feb 2025 08:00:00 GMT",https://news.google.com/rss/articles/CBMiigFBVV95cUxOZUxCMmJiUVNCRlNNNEdsTzJKaGp6VndHVjAtTThCbmtiTzR0RFlYcnRIWjQxUmY2Z1NUTmplY1puWHNvcDBhb0RSUkpxMWhQQTgyUk9uRklIa1ZfZE0tNzJTNDJOQlF4YnlVXzVLc29iQXduQ2JPcWUxOGR1TGw4TTVpTEI1Y3FxZ2c?oc=5,biopharmadive.com,0.88
"Bell Flavors & Fragrances, Inc.",PRODUCT_LAUNCH,Bell Flavors & Fragrances launches line of hemp-sourced flavors and extracts - Food Dive,,,,"Thu, 19 Sep 2019 07:00:00 GMT",https://news.google.com/rss/articles/CBMisAFBVV95cUxPbGhlNDd2TXVxY2s3bUVqeDRtQUYyd20xQUlEZmxiVko2V2hwZ1lyN3dHQlg5VXhmcEFrMWtNSXNWdDlOVDhHNXI4Q1dhZmYwNU43TzJzeUlXZG0ybkV3cFFfMWp5T0lJcHZUWVRrTG9aWl9VZkEtMjNiZXUza05aTUdBNW1PV2pNc3Yxd3hUM2syc0lSMWlwQjFlazVpbnZRM1JtYkk3M21wdWtLeko3TA?oc=5,Food Dive,0.88
"Bell Flavors & Fragrances, Inc.",PRODUCT_LAUNCH,Bell Flavors & Fragrances unveils Bell Technology and Innovation Center - Snack Food & Wholesale Bakery,,,,"Tue, 21 Feb 2023 08:00:00 GMT",https://news.google.com/rss/articles/CBMivAFBVV95cUxQRjFpbEtCcDJ0b1IxTGNaeUtpVVVUaGY2aDl1VHNDSG4wMTNjdEtGMEtWRUROZEhBSFhLTS13Z2kxRVJpVktGdFlIc2lzZUs1NFU3aEd2eWJPckhkcEtoRkVBckRucnY0dFhYNGcwQ1BmSU92WjFYOThsRlVRYXpEa2Q2Q0M5UDFMUzUwVVJCSThmdHdnX20tQ1Z2RHJjTHNHTkdiN0tiZ3p2UjlNcU1LN2trNjJpSjhtSmQ1Yw?oc=5,Snack Food & Wholesale Bakery,0.85
Bio-gen Extracts,STRATEGIC_PARTNERSHIP,Bio-gen enters research partnership with Loughborough University - Nutraceutical Business Review,,,,"Wed, 06 Apr 2022 07:00:00 GMT",https://news.google.com/rss/articles/CBMisAFBVV95cUxONUlGMWtGOGVaMjg1c1l4cm82V2ZaT2hxTVAyY2ZqNkZEZU9VNDk1MEJUZWRnVUdLVFJxZmJNckV0eFpocnYxMmVYbHkwUDhDLXJsblpoRVVBM0ZyWEdicjV5TXAzQVFZVTNaZWVPTUNDMzVMQWVfSlNZN0dSQ0piVGJzNjhhNzlBY3dhbU9XUlllUE9hV2FEQWdXa2xEdzNrN0Uzcl9meFlsUmFacTgxcA?oc=5,Nutraceutical Business Review,0.88
Biohm Technologies,REGULATORY_MILESTONE,Biohm Technologies secures Health Canada NPN for Mycohsa probiotic blend - Nutraceutical Business Review,Biohm Technologies,,,"Thu, 14 May 2026 07:00:00 GMT",https://news.google.com/rss/articles/CBMimgFBVV95cUxQT25wS1lqdWl1dzRTVE1SWFMyWWNCWkNYZWE5amMyeHM0ZTRxSV9QMkxNVVBxcC1TUGtuWXM2TlduUHg0enBRN0oxeXRzWjdHY043ZzhSZnlSMlU5YVZvc2xzZkZzN3B1NGd3d3hWYWlJbUY3LURCbm81Rm1kb2tseVdRd0QyTDBfTml1MkRnM3pwcmhCLWN0Y0l3?oc=5,Nutraceutical Business Review,0.85
Biotech Europe,PRODUCT_LAUNCH,German biotech Revier Therapeutics launches with €6 million - Health Tech World,,,,"Tue, 01 Sep 2026 13:02:48 GMT",https://news.google.com/rss/articles/CBMiqwFBVV95cUxPc0wzbE80QU9CM3N4VGRDS1J2cFFDZkZjN2F2X2J6eUxnNkQyQ1h4R2pmemlIZ1lsVVlRNllzeXFsZFp6R2tnaVpNRkh4R2xMcC1XRVpIT3Q4b2FOT3BFRFNEd1NxdXJ5QVdtVHZtRzNEZWtyQ29JMWY5SmhobVpBaS1UTlc4b243RzlOa2ZlN2t0Y1NyUTNGUnhkeC1WdnFPaE82dy1pXzgwWlk?oc=5,Health Tech World,0.85
Botanic Healthcare GmbH,PRODUCT_LAUNCH,Botanic Healthcare Unveils Rs25 Crore Liposomal Manufacturing Facility In Hyderabad - BW Healthcare World,,,,"Sat, 13 Sep 2025 07:00:00 GMT",https://news.google.com/rss/articles/CBMizAFBVV95cUxPQ200UkFZN3BFZG9GXzVZUG9GOV9jSDdEcjN5VnhVRzJIY2htV1dPLUhhczN0M0k1QkctNFZ1SkJDSkhmUDBHV2lqUUpoeEdmVzFKcWl5S1M0Yi1lemhlZGc2VERVYUVaVjlRNVZfREV2S085c1poLW8xQWFseEl4WDVwTFZ4dWJxeERMazBIZ1ZJNEZnOVJCYkQ2c1ZXT0c0b1F6X2pBQVM1MEZ3TnNYelVxczNnMlR6OTZRR3htdEFmQ1ZaQWxKUTFwdFo?oc=5,BW Healthcare World,0.88
Botanic Healthcare GmbH,PRODUCT_LAUNCH,Botanic Healthcare launches patented cornsilk-based nutraceutical extract CornFit - FFOODS Spectrum,,,,"Wed, 10 Dec 2025 08:00:00 GMT",https://news.google.com/rss/articles/CBMixAFBVV95cUxQNTZSaGp2dWU5dzBEM0N1QjRKdFR6Ul9JeVM2elJQSVE1U2thTHVKc2kwdXJVcGRTMWJiOGtCdUFqSXl5Y0tsVUpVdkRwdkRnQTRtWUxMT2FCSXBVcjVqUUxTeUF3eUExc1VTQk05SVJLeWxzaEFmcUFTajJ2cWhyUmM3czdkUnZRU1NhbmdUdGl0Vm9LbWdEWXhvMjdUUGRQVXloeHNpSVMzcFVfcGV2U2g1UDViRjQzQzNCYnFyOEt3U3g2?oc=5,FFOODS Spectrum,0.85
Botanic Healthcare GmbH,PRODUCT_LAUNCH,Botanic Healthcare Launches CornFit™: A Breakthrough in Plant-Based Nutraceutical Innovation - theindianpractitioner.com,Botanic Healthcare Launches CornFit™: A Breakthrough in Plant-B,,,"Wed, 10 Dec 2025 08:00:00 GMT",https://news.google.com/rss/articles/CBMiekFVX3lxTFBPMkdrZDU1blFqWUhpbVhaNzVsazl1T0E2c2F0cWx1SWdYTm5zeUUyckJVSnd0X3dmZmtGbGNhX1ZLelpnWmRfN2NqcU1WS1ZxalFWamZkYkRNWnA3NFZ4Z2UtZkpLYUpRTkJHNWdzb3RSQVFXbWF0MzVn?oc=5,theindianpractitioner.com,0.85
Botanical Ingredients Ltd.,PRODUCT_LAUNCH,Proprietary Botanical Ingredients: RIMAN Introduces Araliadiol from Its Protected… - Trend Hunter,Proprietary Botanical Ingredients: RIMAN Introduces Araliadiol from,,,"Fri, 11 Sep 2026 23:30:42 GMT",https://news.google.com/rss/articles/CBMid0FVX3lxTE1BdkFfUmJPRVhPd0lmVl9CWHRqSlBPdm94LTI4UE1DdVpQdGNmSFJXN1ZwbkR2T2RXU3dWamFMTFhBVDFQYmxxUEZMY0dZMDFsU1psNFJmcV9wZ19LTVVKN3VVZWZoX3hkRU5EV1dsVTRqVF91Q0xB?oc=5,Trend Hunter,0.88
Botanical Ingredients Ltd.,PRODUCT_LAUNCH,NervoVive Introduces Plant-Based Nerve Health Support With Five Botanical Ingredients for 2025 Wellness - Newswire.com,Nervo,,,"Fri, 20 Jun 2025 07:00:00 GMT",https://news.google.com/rss/articles/CBMipAFBVV95cUxOOUZ4QkFYaFlkakJlT05yYmJkdFFCXzU2TjZwVGhueDY0RjJIZTd3WnpwRVlveXdtRm80bG5uRFY1dXo3dXc5SjFoQVRwNEtfdGFQVDlSMTZ0RmtUa3ZXUUs1Ni1qdnlmMmFtLXR4MkdJRWg5SzdFeXo4Y2VYbm8xQlFJamM2YUs3UklSeGdKSXdOTF84VUh3ZmdmSUpXa2twRTNxYw?oc=5,Newswire.com,0.88
Caldic North America,STRATEGIC_PARTNERSHIP,Caldic Partners with LOTTE Fine Chemical to Bring High-Performance Methyl Cellulose Solutions to US Food Markets - prweb.com,,,,"Tue, 03 Mar 2026 08:00:00 GMT",https://news.google.com/rss/articles/CBMi7wFBVV95cUxNbGE4ZkRsdmZqdWVEeUJnUU01cGZnbTJ2b3o0Y0dmRjB2ZHZHOFJfV3NtNXdQRGkzSzM2QlpTSFZBNHR1S2g3aEs2ckVRZ2lpOFMwR1Jjc3U4ZTJzQ1RMckVlWEpDTm1VLTh5bjNFWHVHLU0zcTJXbFlUYmVBWi1QMzhqdnFJR1hFNDhBUk14Z3dDUmc4YzNKeFBKOFFjMlR3NDBMNUdNOGh2MWo3Umw4UzctZzQ1NDVfTnZfemtNb3RiLXdBWlVvX2Jrbno3TThlMFM5QVQ0ZW1NQWtWNTNaT1I5NHdXV0FMOXNCckNkVQ?oc=5,prweb.com,0.85
Casa Optima,MERGER_ACQUISITION,Charterhouse Capital Partners Divests Casa Optima - ESM Magazine,Charterhouse,,,"Mon, 02 Jun 2025 07:00:00 GMT",https://news.google.com/rss/articles/CBMingFBVV95cUxQMEFWNDJhUnFzdDNlLXJrRW9hY1VTNy1ZWXEtQWJ6RTRxT1lxQmJwcnR1ZzYtU0JTX1dBVHBfa1dLNkhPQWx0WkM4VnlBbnpCQWJpeTduWmtfOVQyRGQ3cnAxd2tBcndRSTNvWHFkSU1RTUNXNzZCVzhSWV9CcmJpVFQxOTJjVjJ3VlRsaHpBZ01UZHoyR0FnX0xGVVFVQQ?oc=5,ESM Magazine,0.88
Chemi SpA,MERGER_ACQUISITION,Chemi SpA Purchases Brazilian Manufacturing Plant - SupplySide Supplement Journal,Chemi SpA Purchases Bra,,,"Wed, 11 Sep 2024 00:40:59 GMT",https://news.google.com/rss/articles/CBMilwFBVV95cUxQa1pWNWhEMGxwT1lBd3FVeld0SjBBbDEtdnN3TzlYUWVrbzI3T2ZPWS13Ry1sRGVaTXplMkhBeGI1NC1GNy1tTm1VYWdrS2FIYzdRYUUwZ0dDeDhmOUhiRmJrV1B6c3o1dmlVdUFCU05rRkhrQWRqYnlRT1dSTF9KbFktT2NUaE9feTlmN0dtVnVTZmc0VmZj?oc=5,SupplySide Supplement Journal,0.85
"Compound Solutions, Inc.",REGULATORY_MILESTONE,Compound Solutions' Dynamine gains GRAS status - Nutraceutical Business Review,Compound Solutions' Dyn,,,"Mon, 08 Jul 2019 07:00:00 GMT",https://news.google.com/rss/articles/CBMilwFBVV95cUxQbXU2U0FibkM1eHRwTXJiSEJsY3JkVXpDNFNhMXBpeF80YmtjWkxaNVRaZS1fZWpkTzh1Y3VuS3dXNEJpRk1sNmZNd1VnRThpOW9jM1BnVG1uYjFmQk8wNFVJVWFfRUZsRHJjMG5KSGJUdWE0eFJHd0dFVU52NVhQcGlIRUZoR1YyLS1Xc0F0cF9sZHhMNlA4?oc=5,Nutraceutical Business Review,0.85
CoreFX Ingredients,MERGER_ACQUISITION,CoreFX Ingredients Expands Portfolio with the Acquisition of Connoils - BevNET.com,,,,"Tue, 28 May 2024 07:00:00 GMT",https://news.google.com/rss/articles/CBMiqgFBVV95cUxQVS1aUEJKTTNoanp5MFNzc0w2ZEtzNXN2aEx6MEhEUGNsWVN6M1EyOUtlM3BiRFJXOHU2Qi1qbTlid0VzTUFzMGVWYVN0TGFNT0tsa29jeWNZTkVyODQ4MjJyVmlqVTVLU2s2Rm1MWXNCbndHaHl2ZnhVWUQyMFJUYVJLWEJhcjR6VmRrQm1meFdneXZOYUg4TWdfblVRS2FlcGxSNjQ5MUVKQQ?oc=5,BevNET.com,0.88
CoreFX Ingredients,PRODUCT_LAUNCH,"Orangeville's CoreFX Ingredients unveils 10,000-square-foot expansion - Freeport Journal-Standard",,,,"Fri, 15 Jun 2018 07:00:00 GMT",https://news.google.com/rss/articles/CBMisAFBVV95cUxNX3h2SEd6OWY0YW9xeG5QcHhucHRMT2lrX082bXBiekI0SlU4T1owUzNNMmJ6WWlUU3Fhb2YxcGlpdXZLcFliNElBUTVDazFjWFBsUmJQLXNZUE11XzVKYm9pOWV4SThGRnU0UmZYdFRrV3dYbWk3c3RhTDFCZGYtb0ROTkVSNEYxT2lSZVVaOVhLZ2FqU21pM1RHQUdTbUtVaFpiczhTSEdoeUt5WllzSQ?oc=5,Freeport Journal-Standard,0.85
CoreFX Ingredients,MERGER_ACQUISITION,CoreFX Ingredients acquires dry powder company Connoils - Food Dive,CoreFX Ingredients acquires dry powder company Conn,,,"Thu, 30 May 2024 07:00:00 GMT",https://news.google.com/rss/articles/CBMiggFBVV95cUxPZG9DZks4emdNUk5aRGlYeHpQZGFPdmFhSWNmYk45MWw1QzAtLW9IanJIRHdQcnlHeUhvSUthN0hVZU9oQkd5MXpOSzROd0ZmMjFPNXMxSkh2SjRfN2pMQTlnSWhJUXNJcW5jQnhzSHVael81Ul9zSThtX3pWN2x0QTFR?oc=5,Food Dive,0.85
CoreFX Ingredients,MERGER_ACQUISITION,CoreFX Ingredients acquires Connoils to expand novel delivery systems portfolio - NutraIngredients.com,CoreFX Ingredients acquires,,,"Fri, 31 May 2024 07:00:00 GMT",https://news.google.com/rss/articles/CBMikwFBVV95cUxQVVZtS2wyOHkzZ0sxTjVwcF9vQ1h3X19VV1NuSmhiWFNybEFRT0g0OXVydVFkemRvcjlOSUFQeTV2YWNvZmR1NTlMeXFzOWxsclUzR3VuRTUwMnI3SEtlbWdWZXN1OFdTLWxWQW9CZE1rT2hEWFhDam1fZkdubkQ5WmJuTEk0cXNlZk1mUGM3TjBOS2M?oc=5,NutraIngredients.com,0.85
CoreFX Ingredients,MERGER_ACQUISITION,CoreFX Ingredients acquires Connoils - Food Business News,CoreFX Ingredients acquires Connoils<,,,"Wed, 29 May 2024 07:00:00 GMT",https://news.google.com/rss/articles/CBMijAFBVV95cUxQVHJhbVFJQ1k1bFpjWmk3c3NGRVo4RExVTjlaaTZJeENEYUQ3QTF3aGsxSFNHRkpZTWJ1VTVEQmJPZHhVZmZ1Uy1nQWNobG1relJ1WFZLcE1LU2M4ckQwWWtXaHBnQXFqX1JEYlA4eW9PcUszR0tBaXRhRkhnbnZKU3FkU2djTXZfQ0ZFUA?oc=5,Food Business News,0.85
Custom Flavors,STRATEGIC_PARTNERSHIP,Custom Flavors Announces Partnership with Butterfly and Graham - Business Wire,,,,"Wed, 22 Jul 2026 07:00:00 GMT",https://news.google.com/rss/articles/CBMiuwFBVV95cUxPUXNpRXZHOGxZTnd0dm1XRFJBTXJNbXlSc0NWQm1scFJyZzg1ems0bmhuNGpLQ2twVUJmWmJ0TGw4bVJhQm9XQ3NjVmI4QkdSUUUzWlZUSXd1cEJMRWZ2b1RlNDUtOV91bDdQSzNuN2RQNnZucHVwZVgyVTdhVkV3UWYyWE1Yc0NDWGh4d19mZ2VTX2lOZ3V5a1B5SVppU0xnOXBVc19leEl0VE02S1BIMzlSa0ljZkFsNHpZ?oc=5,Business Wire,0.88
Custom Flavors,STRATEGIC_PARTNERSHIP,Custom Flavors forms partnership with private equity firms - Food Business News,,,,"Mon, 27 Jul 2026 07:00:00 GMT",https://news.google.com/rss/articles/CBMiqgFBVV95cUxQaDFJTTRMNWNtVDFrVWs3WG43elg3SVg2QWs4VnpRWnNsc3VKNDZVdm81MWRyTEhEU3YzTlJDMWtNcGxFZG9EY2FQVkJfcXFSLUFURDBLNzR6c0htYTNzWUNGb3R0b01YdkZqNkttUFpUQzZfRjJHQ2c0MUVRU3JCc3FuQWJ5WXBvSUtqVVJPOXNtQkpYTkVFOW9Id25fYll4S1lZR0RxYXU1dw?oc=5,Food Business News,0.88
Custom Flavors,FACILITY_EXPANSION,Custom Flavors Breaks Ground on Renovation Project at East Coast Production Facility - Quality Assurance & Food Safety,,,,"Thu, 19 Jun 2025 07:00:00 GMT",https://news.google.com/rss/articles/CBMixAFBVV95cUxPTnVDTHFoWDFiZjZIWDFlYjJhVFh1M3BvaFVoVUlULXBYZGtLay1vTm82RFZjcjFNdXlIdTFGVDAxa2VCa3F1TmtBYUlia0dEblBsdnFHVGNDYjdIRDVNMENaaWtUTkFyRXZWU1JMVWpuQ1pvRWRCZGpMQWN5SGhYamtLWnd2eUJwLU1pXzB3b2pRd2JPajQwZzVkZmJHYVBLUFFXdzI4Mm80YkIxcGdUckFib3J4cmttLWtVOWZIUlJHeXBf?oc=5,Quality Assurance & Food Safety,0.88
DFE Pharma,PRODUCT_LAUNCH,DFE Pharma Launches Continuous Manufacturing Platform with Gericke - Contract Pharma,,,,"Tue, 17 Feb 2026 08:00:00 GMT",https://news.google.com/rss/articles/CBMisgFBVV95cUxQMUlQTWtHenBia1UxR2I4bjdRLWZ1aS05N2hCcld3VUpDY2RsMi1IMFBDcWtFLURFc3Y1bUJTMnREdzZKeEw3Z1FieUVJV0R0YjBib3BfY0diZUxESjB5N25xYnNvanZDY2lsNUU0RVU2REVtQ2NyYzMxVUs5ZzJER0ZiN201U0xzSGFVMm93cDRSNUxhWGp1UGtBQUVDSDFvRzVFVlNUZVJtc3Y0ZDMtY2pB?oc=5,Contract Pharma,0.88
DFE Pharma,PRODUCT_LAUNCH,DFE Pharma unveils continuous manufacturing platform to accelerate formulation development - Manufacturing Chemist,DFE Pharma,,,"Wed, 18 Feb 2026 08:00:00 GMT",https://news.google.com/rss/articles/CBMioAFBVV95cUxQZzZjek5lMG1uVUVEMVVXSkhoYmg5aGhzNGh2dmVUQ05tdS1ybE5yaGN2Zk1MMGQ3VFAyOVlLZ0kxUjNSOGxqSFUxdVRzS1h2WVV6ME9XN3ZEQ2luRGpESF95Y2ZwQ21NTl9TdnlMSy00bjREZmpXOEx1ZXg0VW5nRnIzbnpMWmtkS1NGMGN3UzU2cDZYRFpYZDFoSG9TZEdt?oc=5,Manufacturing Chemist,0.88
DFE Pharma,PRODUCT_LAUNCH,DFE Pharma launches Continuous Manufacturing platform to accelerate formulation development in Hyderabad - biospectrumindia.com,,,,"Tue, 17 Feb 2026 08:00:00 GMT",https://news.google.com/rss/articles/CBMi7AFBVV95cUxOVXYxbVpvX1MxQ25BZ19pYXQtZFVyOVI1S2xGNWVsanRPa0RqelRqeUFaNjd6dnEzX0pwTGdOUlFSTGgzaEVIdm1FV2tpckFJM2wxYTE3RmlGQ2gwYkZ2bHBUVWlNVGt0bWdrOEllbDRuRWIzazBWT3pnRXUtMF9KYkNoZTMxN05paEtLVmVXSm9DWHVaVGZobXU1NGNQS2lJZkVUeF96bjF2WW0tNHczWnFVNG1HYWxDUm83dkRXZlk2elhZb2o2eXdOaDduYkJOZFRPakQ5Y2ZOR0JfWklHTjgzaldRVE9TWFU5Rw?oc=5,biospectrumindia.com,0.88
DFE Pharma,PRODUCT_LAUNCH,DFE Pharma Launches Continuous Manufacturing Platform for Formulation Development - CHEManager,,,,"Wed, 18 Feb 2026 08:00:00 GMT",https://news.google.com/rss/articles/CBMiuwFBVV95cUxPd3BieDNWZDVFeWNtaUZxdkhhOFQ2YlRTYXZrOEpjdGk0aTlQaFdFZmNrTUMyR2VPMjdKalBLZWxXWjE1LW0zcllLTUtGSHBJRVpWRXJORGdsazdsWW8yZjdHaTNiMW9TckhXWFgzMFB3SC01eGY4S1hPTEdPMTVJYXNyT2VNNXZOMkZqMHprbjhrSzgyU3VYbjNLWjNjRFltaHpqNjFVaXlTbVZReHR4OGNKbklzODBrckE0?oc=5,CHEManager,0.85
DSM-Firmenich,MERGER_ACQUISITION,dsm-firmenich bolsters predictive health solutions with full acquisition of Verax - The Poultry Site,,,,"Mon, 06 Jul 2026 07:00:00 GMT",https://news.google.com/rss/articles/CBMivgFBVV95cUxQVHpXSVVQb1lzOGhUcE4wQWRLMFdsd0NmMUlneS1ic1AzMksycV9nQzZ5cXpHdGlzdWI5Q3kyRkRVaExGSmtIWHI1Q3B1TkNOVVhHVjgyakhGV3A5U2YwZFR2MzJSTzg2NjRWMUNZcTdaZ1A4RHFNUUV2VXZUbXgtRnVJbTZWS3JHY2ZvQ0FhUkh5WXpCWU02TzUtYmN4dldFUWlFSFRRLXdZcmZjclBBVGhxQ1k5MUc2R1BZUWFn?oc=5,The Poultry Site,0.88
Dr. Barbara Sturm,MERGER_ACQUISITION,Life After Acquisition with Dr. Barbara Sturm - Vogue,Life After Acquisition with Dr. Barbara Sturm &nbsp;&,,,"Fri, 06 Mar 2026 08:00:00 GMT",https://news.google.com/rss/articles/CBMif0FVX3lxTE9qSy1QV1c4ZHAxbkZEYk8yeXZrRVJlaXdFZXNFMmF3YVJWZGVvRWFQb1BmNHBXVFpDZGY0a0NFT1B1c2NGWnVqcXBKa01NZktjZm04TW9KSE95bWk5Sl9aRGphTklTR003bF9JVFJyTEd4VExYVFgwRjRRdFoyUTQ?oc=5,Vogue,0.88
Dr. Barbara Sturm,PRODUCT_LAUNCH,Healf launches Dr. Barbara Sturm as it accelerates beauty expansion - TheIndustry.beauty,Healf launches Dr.,,,"Fri, 23 Jan 2026 08:00:00 GMT",https://news.google.com/rss/articles/CBMimgFBVV95cUxQblM3ZXBnLXFVemtsN2dVTGdqcXVlNUU1RmVJSVpac0dyeXpJSXhVQXBBSUU1eENlTlh6OEs1VTZ6X2ZBMXliWTJ3aVRvbVR0WVpGOVotQ1FwZERmbnp0aGIwUG14MlJwX1NMOWdTQ0QtYnhlSG1RZDFEZHhjd05SRmNKdEkwX0FMamZodWdIcmhDeWhxRDU1V1p3?oc=5,TheIndustry.beauty,0.85
ESM Technologies,MERGER_ACQUISITION,ESM Technologies acquires Stratum Nutrition - PetfoodIndustry,,,,"Sun, 06 Aug 2017 07:00:00 GMT",https://news.google.com/rss/articles/CBMiyAFBVV95cUxOZ0RfdFY0Q1pSblpQSjZHMEloeDBlMUJPNjdiZEVSUTMyWW1WaHJ5U2cwOXZKd1FyeTJxZHVDdkxhZF9Bd0gwemZuWGNmRE16a2xDcE1FYzZ0c0tmRXFmeGxvVDFPZjRnUWhwRXBQWHdCb29nUjV5QVJtWmVnZ1Y4dW9hZ1F5bDdmTmpqQmdrMkNkYlZGblM2bGtQQm9DODFzMmxkeGkxQmFoWjAtNU1ZREdZdUlSMlRLOGxHYXhfQmhrM2lYU1ZkVQ?oc=5,PetfoodIndustry,0.88
Edgard & Cooper | B Corp,STRATEGIC_PARTNERSHIP,PetSmart partners with Edgard & Cooper in US market - PetfoodIndustry,,,,"Mon, 21 Jul 2025 07:00:00 GMT",https://news.google.com/rss/articles/CBMixAFBVV95cUxQa2VUMnFLZEtfUmJLaUEwenRmdHBOQkJFcWo5dWVDTHpQaWxxNjc1U3JnY2R6bkRrUkxVRVBPUkxGSUQxdnJrdnUzTm82UFBmaTNpeXdTUW1YNkRSQ0RvRW1XLWhhblpWdXh4NE5KZU0tajA5aExTUDhqUFc3eDBnUldPSmVTNUJpM0VLT19JdUtHV2V4VDVEbTh5bEJvRjZyM3ZHanZORnQyaGJFODFqdGdWaDVJUWRzazRfUDRZX3V3Y0t4?oc=5,PetfoodIndustry,0.85
Edgard & Cooper | B Corp,STRATEGIC_PARTNERSHIP,PetSmart Expands Premium Pet Nutrition Offerings Through Exclusive Partnership with Edgard & Cooper - General Mills,,,,"Fri, 18 Jul 2025 07:00:00 GMT",https://news.google.com/rss/articles/CBMirgFBVV95cUxQaGtQcC1pN3REMzROTUY2U0ptZ0NfY1ZwS2lPT2tMYm9EdjUtN2FmSm9RSlUwekJPc05qVThBaDN3WjBKN1NqX0pBQWYzcmQ3UjNuRW94MEZOMnFDeHlWZ2dCa1hqZFlvT0cycjJrVUhIcjdHMWhFQTNUSmpsb0ptRERjQ1NvNjF4WnhzcWhtYXVNV0Z0cGp1eUU5bVpDczlHQzV2dS1fM3I0Y01BUmc?oc=5,General Mills,0.85
Evonik Oxeno,PRODUCT_LAUNCH,Evonik Launches Rheance One - Happi | Household And Personal Products Industry,Evonik Launches Rheance One &nbsp;&nbsp; Happi,,,"Sat, 17 May 2025 17:35:50 GMT",https://news.google.com/rss/articles/CBMidEFVX3lxTE5sc0J2R29sX1Jqenl3c3FVdWpyTUU3RXdMazlpblBOMXZ4ZlAxRXh0UEE2dS1kQXkwYWpLZ2k1WTd1WTFpeGUyUGd6VnBBQVpXanRXRi1IYk5oNGhBeFQ1NUdacnpaVWpybTRaWmtzLVpfY0Q5?oc=5,Happi | Household And Personal Products Industry,0.85
Freeze-Dry Foods,MERGER_ACQUISITION,"Freeze-Dry acquired by Thrive Foods, which looks to expand and invest in Albion - orleanshub.com",Freez,,,"Wed, 07 Sep 2022 07:00:00 GMT",https://news.google.com/rss/articles/CBMipAFBVV95cUxOWE5fNUJZcXNYSlNLZ0ZHN3V2T1VsZ0FTRGktb0dDUUNZOGtKR1JqYTdRelNZcVV3QW5qUGVBSzlLb0RHNGhzV2dwbXBvYzgxS2hINHlyWlM1N1VIUkZsM25JamF2M0ZRZmZoTHFQQ1lzR0h1V093YU9yMzNvaEt0dGhWQjNEODFTTXdhUGJqRWEzbnM2eklZYjVwckhKNzdXd2NyQQ?oc=5,orleanshub.com,0.88
"Gillco Ingredients, an Azelis Company",STRATEGIC_PARTNERSHIP,"Bio-Botanica® and Gillco Ingredients, an Azelis Company Announce Exclusive Distribution Agreement for Food, Beverage and Dietary Supplement Industries in the U.S. - PR Newswire",,,,"Tue, 10 Sep 2024 07:00:00 GMT",https://news.google.com/rss/articles/CBMiuAJBVV95cUxOUURsbmNQS0FQMWlTczJFZWNzeGRBeVBkSjdSS1gxNGVxdDlkUWZFM2Z4c21nZzhTckxCWEszendnRmcweG1pN2lkSUtNb1ZqU1M3VEJjcEQ5UTlNRnhHUWpNWEQ5WEFEQ2tsUDBlLVhYaVJ0V1lhSmdWVkFsM3BzUkNfNzhwd2VYbjRoak1Qd1pJdWhWWldkZk1QRGVWQURsZk9DM2tTNmFoTVdUWDZBV0JZcGR1SVZ3Qi1EdmZJNGF3OWJNTWFtaERPS0hqbVFZeEVXVEZqWG8xWlViRWdkclQ3ZmQ1UVBQWTg5Nkp3TnpQSnZVRTd3cDFIZlI5T2RaOHNLRUliLXR6dkJxYVR6bjJYNU9NV3VhRmNQZEZHVW12WXdLRGRHR0NIZHdMcnBkX2RYUzBMc2s?oc=5,PR Newswire,0.85
Gnosis by Lesaffre,STRATEGIC_PARTNERSHIP,Gnosis by Lesaffre partners with Maternity Foundation to secure healthier pregnancies - Nutrition Insight,Gnosis by Lesaffre part,,,"Tue, 16 Dec 2025 08:00:00 GMT",https://news.google.com/rss/articles/CBMilwFBVV95cUxQNVNLcFp3elptUVlwMFZLcUlfX3lvZl9jeHB2d0w5bFUxdW9TVHBfNUtOQWdjaXhmTW5JYnNKM1lMMklzME1sQlZ6SDJobk9XNG5sVDA3Y1FrQVAyVmZYUGk3ak5wSFFic2ZzZG8xR3hxTlR3ZkVCM1ByUHFMcUIwZjh4VG5MenJCcU13SXctNzlyTzZ0THpn?oc=5,Nutrition Insight,0.88
Gnosis by Lesaffre,MERGER_ACQUISITION,Gnosis by Lesaffre expands vitamin K2 offering with NattoPharma acquisition - NutraIngredients.com,,,,"Thu, 27 May 2021 07:00:00 GMT",https://news.google.com/rss/articles/CBMixwFBVV95cUxOMDd4U1pMQUlvTGFCYWZjb0lQYktDYld2alRFSXBjajV0MXVibUtYTTZ2RWZtb0VYV2pvRFJzZUJqLXRZcGEzcVZ6RHpaV1YtYkdKUHNCako3RTJrQW9WcUFaamZCd0NxWlNBQnVYOFZuYWxWRXJkM0FoRlAzNlNBdUszanVuaWk2UzIwY0p6QjI0dXVCQlNSajNsT2xfSHFoLXZnMTBJcW5JMXdRcnN0dXM1YzJUaUFXN1hiNWRITVZHQWM5ZGpJ?oc=5,NutraIngredients.com,0.88
Gnosis by Lesaffre,MERGER_ACQUISITION,"Gnosis by Lesaffre Fully Merges Human Health Capabilities, Unveils New Business Strategy - Business Wire",,,,"Tue, 06 Oct 2020 07:00:00 GMT",https://news.google.com/rss/articles/CBMi3AFBVV95cUxPa3Nva0dFTmkyMG5LdTRXTWEtNHBtN2JtbDJvc2N6UE50WGxIaF9jeWNpOThCYk5aR3lmOGpYRkJuOS1JREd1My1Mc01udUZPdUlicTdoM1g5SFBaSndQd05RbXBGZng1ajdqbnI4LWJtV2QxYWMzME4zbG9ONUE1RXJiMXhLTy1SdnVzSnlEUXpuSHMwRk5uaTZIUEtELXhuSS0wRVNPSzU2dTFVSnFIekFBWEU5ck5qZ0tHRWVTM2ZaRlVfZ2drVVd3bFktcnd3eXhnbVhqbU41VVcx?oc=5,Business Wire,0.88
Golden Omega,PRODUCT_LAUNCH,"Lehvoss launches omega-3 softgel in a convenient, ready-to-market format - Nutrition Insight","Lehvoss launches omega-3 softgel in a convenient, rea",,,"Wed, 09 Sep 2026 14:23:32 GMT",https://news.google.com/rss/articles/CBMigAFBVV95cUxNYW9ISksxMkZ2QWtiZjd4bUZoMzVUX21XSlpLWFJjR0YxbVJtZDJoN0pQbGdKQVFESXhFbkg2cE5PQUhPd1cxSTBGTTJzTE9ZQk9PZHo1dzRJT0QtWnZxSUdpRnBwREZpSmhtMGV3aTBCQ3RhMkh0WGZwbkNKdEVWXw?oc=5,Nutrition Insight,0.85
Green Bioactives,PRODUCT_LAUNCH,🎥Plant cell culture startup Green Bioactives preps for first commercial launches in 2026 - agfundernews.com,,,,"Tue, 20 May 2025 07:00:00 GMT",https://news.google.com/rss/articles/CBMisgFBVV95cUxNb1d5TnpfZUVKZUxYQXFfWkZwQnhaQTc4Q0p2MGtNNWpmVUdOS0tmVk9QQ25lYUp3OVZISHctQlhHdmJHdDB4V1NUZTdFZlNaOVNBLThpZ0lWY0oyNEUzQWd6MGtpZmhuU3U0Z2pxWExEdlRPV1VEdjlXek1CTUwxZlV5MzVhRXlxdVdfT2t5dHVrLXZCdDdDS251bWkzYU1FMXVUdUl6WXZYTndLc1VXZ3Zn?oc=5,agfundernews.com,0.88
Green Bioactives,MERGER_ACQUISITION,Harke acquires Green Bioactives’ Memory Complex amid liquidation sale - NutraIngredients.com,,,,"Tue, 14 Oct 2025 07:00:00 GMT",https://news.google.com/rss/articles/CBMiqgFBVV95cUxQWHBKLXNhV0pDVkFEaVlIdlVsS3daUFdiYjBsNEZsOVotSGlrdjZCSkNaamV4dXpQWHFqNzlwTmRKSTRQcS1uZE04S2YwTmtYeHQ4UXJQenNmc0MyS0lHSHFBODVHV1NTSnBfUzFkNmJtMkxGQmNac01CN25CVHpNbElrbHJ5WmlDMlZKQ0dDYTl2b2NaRndCTWdrZHkwMk5KMW9VTGtsZVdEdw?oc=5,NutraIngredients.com,0.88
HSH Chemie,MERGER_ACQUISITION,HSH Chemie Group Acquires Two Sweetener Companies - CHEManager,HSH Chemie Group Acquires Two Sw,,,"Tue, 20 Jan 2026 08:00:00 GMT",https://news.google.com/rss/articles/CBMikAFBVV95cUxQM2pRaDF1ajBuX29oYmN3YzNQaTVHbWhibjBRX2J0bmo2bG1iWGtJdHJYS1dHcVZlSU82RFd5UUt6VVJBUDZqRWFaeFBZbkYyTzFXSk5KS1U0X2x3dEJnR2l0RjVaVXF5Y1ZhNlMzN1lJc3RoNEF4YzR3TVFrTnhyek01RVZUSDNiWHROOW42Q2g?oc=5,CHEManager,0.88
HSH Chemie Group,MERGER_ACQUISITION,HSH Chemie Group Acquires Two Sweetener Companies - CHEManager,HSH Chemie Group Acquires Two Sw,,,"Tue, 20 Jan 2026 08:00:00 GMT",https://news.google.com/rss/articles/CBMikAFBVV95cUxQM2pRaDF1ajBuX29oYmN3YzNQaTVHbWhibjBRX2J0bmo2bG1iWGtJdHJYS1dHcVZlSU82RFd5UUt6VVJBUDZqRWFaeFBZbkYyTzFXSk5KS1U0X2x3dEJnR2l0RjVaVXF5Y1ZhNlMzN1lJc3RoNEF4YzR3TVFrTnhyek01RVZUSDNiWHROOW42Q2g?oc=5,CHEManager,0.88
Ingredients By Nature,REGULATORY_MILESTONE,Ingredients by Nature announces self-affirmed GRAS status of Eriomin lemon flavonoid - Nutritional Outlook,,,,"Fri, 01 Apr 2022 07:00:00 GMT",https://news.google.com/rss/articles/CBMiwgFBVV95cUxQb1lpTnF5TmdIUm1JR1pkMFdaN1lxVzNBVkVMZUZVYlRjOTlsM3ZEZXZDQVp0dUVaemdqb3p4a3NrNmxYZVp3LVExSjRZRmF3ZkFBSEszN2VNdjJDTDI5MFMzZ3REd3RGNDktUFFKSXhJNTlZU3p4emhPbHN3RVdoalJ5NVRDT3VKemJsNUY2bkVxOUVHbjAwSnRpQnprOEEtT3NZaC1DY203VmRkVVdOWnp2LUhsSnRBZnR4dkVmeHhjQQ?oc=5,Nutritional Outlook,0.88
Ingredients By Nature,PRODUCT_LAUNCH,Ingredients By Nature debuts Blussel blue-lipped mussel powder at SupplySide Global 2025 - Nutraceutical Business Review,Ingredients By Na,,,"Mon, 20 Oct 2025 07:00:00 GMT",https://news.google.com/rss/articles/CBMimwFBVV95cUxPUWV2eC1DZW53NERMQ2NFS2NPUmx6ZjVITmh2WnBkZFZNSFBWT3htb3BNdDl5Y05VOE1jVlUxU0lmLUpBVE9DX0ZDalFVc2E0Um9EakVyOGtRQWtyNU8xUy0zMUZPd0t4cjNJd2hpN0FkanZrNndRcGhhbFlieVIzdmZVWTNiU3NTQWZwMEo1emN5Y1BnWU5VX052VQ?oc=5,Nutraceutical Business Review,0.85
International Food Products Corporation,STRATEGIC_PARTNERSHIP,Samyang Foods Collaborates with Global Village - Retail & Leisure International,Samyang Foods Collaborates with Global Village &nbsp;&nbsp;<,,,"Mon, 08 Mar 2021 08:00:00 GMT",https://news.google.com/rss/articles/CBMiekFVX3lxTE5KWEY4NWNRUmZqUGVyY0xzaFRNd3BHVjNHZGVab0pPRW85ZFdsRGFLV1N0MklUb3YxeWFaZUdQbjdCMWNPa0lzaFBiSkloVmo2X3ljVFpkZHBDZzlHa3hZSzE3eHdCUUFNYUVFLVlkeE51Ml9vMUZ4cjJB?oc=5,Retail & Leisure International,0.85
KSM-66 Ashwagandha,STRATEGIC_PARTNERSHIP,FC Barcelona star striker partners with KSM-66 Ashwagandha - NutraIngredients.com,,,,"Wed, 19 Nov 2025 08:00:00 GMT",https://news.google.com/rss/articles/CBMisAFBVV95cUxQTjhRby1NOWIyekU4ZkhuUGk2RTltbEs0Z3k5YUx0TGZpcFhoYVJrTXB0MkJRN0ZESFpFWWdhbjRWN0hpMEVWMHEwWURXNExmampjOUk1T3FaX1RKYWxrbGR4OVVWRnFDbEl0TVVkRlBuRHl6OXduc1FKdm1ZWFNYMWxyczdaMkJZTkVsTFpxd0xjcG1BVFVodVBtazJHX3NVMmd3ZDZZVXphTVpic1FIQQ?oc=5,NutraIngredients.com,0.85
KSM-66 Ashwagandha,STRATEGIC_PARTNERSHIP,Glanbia Nutritionals partners with Ixoreal Biomed to optimize KSM-66 Ashwagandha with Glanbia's NutraShield Technology - Nutritional Outlook,,,,"Wed, 01 Dec 2021 08:00:00 GMT",https://news.google.com/rss/articles/CBMi7wFBVV95cUxPd0pnV2Z0ajBQLW5rVk5GdTJkV1RjWnVhQ2pzLXFzMkYxX0xsT1Ayd2pqMVlsUDhvUmpkZjZpRlpjLXJ0T2o1X00tYU1RYTNQZFBSOVRyWHZ0UjlGNldaWEtKZlZ5djU2YWRRRDh5cHcwZExrd1JBRzVodmFYMU9MRXlGd2I2eW5UdFFRXzhYNE42cVBZSDk4b0NvR3pSSXJ3QnBTUnF1QlEzalZHR0ctQXAyUXBObUtWdjJiZmIzUGowSzlaeGdpT21YWWtraTI4ajZVNU1obTVsZGVzcXgyRkhUVmpvT2RKbC0zM21KYw?oc=5,Nutritional Outlook,0.85
Kappa Bioscience,MERGER_ACQUISITION,Balchem Corporation completes acquisition of Kappa Bioscience - Nutraceutical Business Review,,,,"Wed, 22 Jun 2022 07:00:00 GMT",https://news.google.com/rss/articles/CBMirgFBVV95cUxQWFJmMkdPMFFsOEhjVFBjaS15dlhEcHI4cGRpT0VUZ1NRVTFsMy1SZEVKeFJKQlVBd3RXaF9hOEU4c3Zac3o1QUM2UmVhdVNCNzljVjdWSk10RHdscjM3TGVsM2FvUlFmMWVnMml4eUJuS0k5akJtX1FtcUJxM0Y0TEVzWkFtVTV1U3NHRGZkNWE1aGIycXNmZG8yOERETmQ4SWtoZkVKQUM1VFFPN0E?oc=5,Nutraceutical Business Review,0.88
Kappa Bioscience,MERGER_ACQUISITION,Balchem Corporation Completes Acquisition of Kappa Bioscience AS - finance.yahoo.com,Balchem Corporation C,,,"Tue, 21 Jun 2022 07:00:00 GMT",https://news.google.com/rss/articles/CBMimAFBVV95cUxNdzJmeXZpYTY3SVRfbWlNMlJBRzRKMXZXR0hkbUp0SFhDd21VNnh6a1ZYTk5MRlJQc1UzUjE4cllTRVZzNmhWc1NQM1h4cjVEeHI4NkhLSG5XWEhMekhnQ19QYlV3dk1PeEp2MnlrNW00V1FUcEVJaG5PVVg2eDFnY2s2Rml5TGFyZndfVzN6RFlETFNxLWQ2eg?oc=5,finance.yahoo.com,0.88
Kappa Bioscience,MERGER_ACQUISITION,Balchem announces nutritional ingredient manufacturer acquisition - Nutraceutical Business Review,,,,"Thu, 08 Sep 2022 07:00:00 GMT",https://news.google.com/rss/articles/CBMisgFBVV95cUxQRjROdU9YS3RsaGg1TXgxSkNZWVhjbER3ZUc0WWFSYTdkTHN2azd0X2tzSXR0S3FVM2tTdnRVS2VJd0NmYXRTZUlHYVBFYlZXazRnZDloRW9vMmlYQ0RoTnFJeXdUMGctUkJMXzVNNkIxbGtZUjNId3BBYnZPNS1xTk1lWU83U0hTM0VnM19WS2ROakE5UXlZUnBjZWZNNFZKd2Fud1YxRFU1M2tvRThqa013?oc=5,Nutraceutical Business Review,0.88
"Kemin Industries, Inc.",MERGER_ACQUISITION,Kemin Industries Expands Innovation in Intestinal Health with Strategic Acquisition - PR Newswire,,,,"Mon, 12 May 2025 07:00:00 GMT",https://news.google.com/rss/articles/CBMi1gFBVV95cUxNcVJHZjMzOG5YZXBrYUM0dE40ZXFJU1Bkdl9kMm5NUHJkVi1zY215amlwN1VOaTNDQ0E2dHpSSk5ucE1xMGlRSm0tMTZTZU95OXlNNExscWx5a1QtMEE3RkUxQzdDY0pna1l1N05XaVZnc0doZmwzYU5ZOEFkbjI0VWFKUUVpVVBYRHFCU2hrXzBXc2hSdEJpRmpDV0dVb25sRzhkRlpCM3FpYmQ3czNncVB0eXduV2pFZjBhejVSY2t3UmRKZ3JHZWtfTVJkSkhWbklmclB3?oc=5,PR Newswire,0.88
"Kemin Industries, Inc.",PRODUCT_LAUNCH,"Kemin Industries unveils new plant growth technology - Agri-Pulse Communications, Inc.",Kemin Industries un,,,"Wed, 12 Nov 2025 08:00:00 GMT",https://news.google.com/rss/articles/CBMimgFBVV95cUxOeXVGWDE1RHhvVTA5Q1V6WjZUbjhUVWUzX3NaMEJ3UldGU25nejJabnV6bFE5d1dkVjlBT1I3bWVHZ0ZxeVZVNkFKbEJFbUdtNnJGeGh1V0FlQmMyYUtzdmRvcGNXbmxNek94ZFo3YUwxX2JYT1NPLXZFWmlNNVl6RXM5SldiV2JtaDcwOFM4elNqb2Z2UWxIM0pn?oc=5,"Agri-Pulse Communications, Inc.",0.85
"Kemin Industries, Inc.",FACILITY_EXPANSION,Kemin Industries opens new facility in Russia - Feedstuffs,Kemin Industries opens new,,,"Tue, 03 Oct 2023 08:36:33 GMT",https://news.google.com/rss/articles/CBMilAFBVV95cUxQcXRjck54dG9VRndBdWNHZDUybE5vWnoyeDIxaWVKaFpXZEVhbjZwaHljVFo0ZWJRSllEN1dkd2J2UDVka3VDa21MTFlEcW41OHI4MWRadk1LZUQ2SEJnUzh2X0ktaTY1blZsYXBTcThodmFwQ2ZoeGxXZ1Y2Y0ZRRVB2UXV5b082OW1qWW5iM1U4VXJS?oc=5,Feedstuffs,0.85
"Kemin Industries, Inc.",PRODUCT_LAUNCH,Kemin Industries launches $4.5 million expansion at its Des Moines headquarters - The Des Moines Register,,,,"Thu, 03 Jun 2021 07:00:00 GMT",https://news.google.com/rss/articles/CBMi5gFBVV95cUxNMlZkQWRIaHVnTXJXNll2UFdVSmt3cjgxWW1CQkRBQ1V5bnNjaFJNMHZybUtRRmVVS1YwWTNScFhraFJKcUs0TlhpbHNiMXpvUWhRQWJZNTNxbnU1UEM5SUV3dnFFREh3ZnJjeXJnRjRXNG91dl9sQnBjWXBicURlTmZLY2dEVU04Y25OQ3pLUDRDOG5jdUxMcnA2b3BCMHJUNW9UaFI1SXFFSXZ5eHRVc2JMMXFQeF82WTZzOFhLMlZnSVhHZ3ZWSUcySXRoM3E2U2RCSEN6UzZnQjZBLTJFckhDMTJIZw?oc=5,The Des Moines Register,0.85
"Kemin Industries, Inc.",FACILITY_EXPANSION,"Kemin Industries opens $70 million expansion in Verona, Mo. - KY3",,,,"Wed, 23 Aug 2023 07:00:00 GMT",https://news.google.com/rss/articles/CBMijAFBVV95cUxQZUtPWGJManZRTjhPZndyMWhTWjhpUUlmM3hXMjdILTl3ajlnbFZOajB6Tm44ekp5MHVIa2RsVlpRMFAyZ1RyRVktZ0dlUWtITENkOEEwazl1UXdjaG1UTFBfRGFLTW5LTTdXblZtNS1iOWpRNWtrVGh0X3o2Q094OHJ4RDBZXzV3R1lwSdIBoAFBVV95cUxNNklVVU5KOVI0WlBoblJfMnB6OTRxRXdmNmxweUJRU1MyeG5ycDFzcFQyalVVdm5YYUVRYzEyNGJvNjBYWjlnb0p5dDlYTWhZTkhiZDhDblFWamMzX1R1Z0hsbmFkaTBwV2VwcjY4LXhwYVZ5bm1ZS3FBMDVEV09PQS1LbUxMeUdHVURsWXBvRFd5YjNVRmhPR210QmoxalhW?oc=5,KY3,0.85
Kyowa Hakko USA,PRODUCT_LAUNCH,Kyowa Hakko launches postbiotic IMMUSE in Mexico - Nutraceutical Business Review,Kyowa Hakko launc,,,"Wed, 13 Sep 2023 07:00:00 GMT",https://news.google.com/rss/articles/CBMimwFBVV95cUxPTjRTQkptd0FSdkxNOUJsdjRCUFdIT2hBR01uVW5aTHBUWmlJc2FOMDV2aXU3MW11d3ZUdDh3dHF4WVVRMGR3c1RPTkV4MDNmNlZFaU9aV204N3BhWldvZE9LNkhiM1ZZaFVsSi1pVzJZTjh4V21lRXNxUVp5eHRmOTNaVlpRUlFBMjdKMm12U000TUMwSDNKamFFYw?oc=5,Nutraceutical Business Review,0.85
LIMAGRAIN INGREDIENTS,FACILITY_EXPANSION,Limagrain Ingredients inaugurates a new production line at its Arques site - Snack Food & Wholesale Bakery,,,,"Wed, 28 Oct 2020 07:00:00 GMT",https://news.google.com/rss/articles/CBMivAFBVV95cUxQa3NMempNZmtWR29iUjRBbFh1eGUyRnZSNzdDbjVESEtqSE5PU3lEcWwwNzR6R1Z4SmQwLXl6SHFtTWVjSTRMc0FTbm5GNnJud0Y3c203UnRjQlRaY2tBWUVwQmVYbnM5ajF4N3VJcHBucTh1Mm9VUHhUR2pCWTl3VEt0YjY0Q0tYVk55eHlUS09PRjlOTjZFbnliMFVweFRZR2k2R3JWOEh1blJkbVV1MFQ0Ri1Pb0ZvOWRkZg?oc=5,Snack Food & Wholesale Bakery,0.88
Laboratoires Expanscience,MERGER_ACQUISITION,Laboratoires Expanscience Acquires Babo Botanicals - PR Newswire,,,,"Mon, 29 Oct 2018 07:00:00 GMT",https://news.google.com/rss/articles/CBMiqgFBVV95cUxOcFFzOHlucGo4WTVhN1d4QVdJaE9YdEY4SE9VbUZST3hmaWQxVUt6OEdOd1R1OE5wdW9RajRmTFROU0tsSmNUclVBVHpzdFhZaV9ySzBYX0xDVWVyTGRvVHVWcUt4Mk9EbE4zUG4zb1lHOElMcE4yektEVWoxcktVV0ZQOTZTaGg3SDZkR244ZnlqSDFRajVUZEhCcW5oQUlZZE4xaWVfenM2QQ?oc=5,PR Newswire,0.88
Laboratoires Expanscience,MERGER_ACQUISITION,Laboratoires Expanscience expands in North America with Babo Botanicals acquisition - Premium Beauty News,Laboratoires Expanscience expands in North America,,,"Wed, 07 Nov 2018 08:00:00 GMT",https://news.google.com/rss/articles/CBMiggFBVV95cUxOT3gxNFE5c2VfQXNYRnoyYTNlOWQ4c3QtSHpla3lfZU1rVk5ucm5hZ1VOS2VxS3M3Ul9XNy1JbUlSR1M4dkNINXY2ZEZuckEzNEVFa0pYbjV1NTI1WS10aDVpV2g2SEJzUWZEelFrZ1dfeUh4eS04eWN4Wm1KZE1ZUXdn?oc=5,Premium Beauty News,0.88
Laboratoires Expanscience,PRODUCT_LAUNCH,"In-Cosmetics Global 2026: Expanscience unveils OSMOLYA, a new bio-inspired active ingredient for cellular hydration, for skin and hair - Cosmetics Business",In-Cosmetics Global 2026: Expanscie,,,"Mon, 13 Apr 2026 07:00:00 GMT",https://news.google.com/rss/articles/CBMijgFBVV95cUxPSjhQLVdwOU90SEJuM0dIdVpoLUxud2kteklKelZrMXIzQkE4cjk5R1lFaURjMEY0QmlwMHllQktoaUUwY05KUzdBanVtMVk0ai1UcTk1MUs2X1RXVk8teGRLRUpXd1JRTXFvMmdGV19jaktZWnNnM2ZFQ2h1VzJ2Q2o4aHZSWll5dW92Qk5B?oc=5,Cosmetics Business,0.85
Layn Natural Ingredients,PRODUCT_LAUNCH,Layn Natural Ingredients launches plant-based sweetener SteviUp M2 for food and beverage application - Nutritional Outlook,,,,"Fri, 11 Jul 2025 07:00:00 GMT",https://news.google.com/rss/articles/CBMi1wFBVV95cUxOZGhBcTFWVlNhNEpjVmZoUk40SWVmdVBtdFM0VUJDdzJSWVR0RnIza2hGRE1HVWRzUTNzcHVtdnlpUlNqanlva1REOWl5aGE5R214bkdKS0FZM05TV2RfaFMyTXJhNmhEdU1tSmJUQU1XS00xejAwX2lBR2hqRmZvRm0xMlhGWDdfYTdZVndjVXhiNFZhUEo4RERoMEprYWhlRW0wVWZxYVdBSE1mX3QxNnVhRUpuaDRZeGNxdVVWV1NyU2RVSUNxdWg2TDNPbzllcjViRUtJYw?oc=5,Nutritional Outlook,0.85
Layn Natural Ingredients,PRODUCT_LAUNCH,"Layn Natural Ingredients Expands Biotech Capacity, Launches Precision Fermentation-derived Beta Glucan - Cosmetics & Toiletries",,,,"Fri, 30 May 2025 07:00:00 GMT",https://news.google.com/rss/articles/CBMiwwJBVV95cUxNcmRNLWY4WTVRRHRfYVNPb2lfNGhPYThqT05hZDBqRHFTbDFEMVFrVkhIVnFab1M3TXE4RDZLa2V4TWNqcDc0UlI5WXAwSVBhVm94czF3S1BMbllJUEYwOU9pT3J5aUdIWFBBd3llMkZOWGdzdUJfSER0NzZzRTJGRUFfZWIyZzM4aDVFSTMxTzhDR2RNQlVsY1hfMkd6Wjg4bzVnOFVMeGpZVWF2bUNLUExvZnU0UUY2V0xkeENDbWR2TTJJXy0zTDZOY2ZvcmhyX0V2Y2lLZ3ZpcldROXlxUFNVU05MVlg1MjFKNHYzN05adGpmZzE2dmVyMWtHUmxrai04YzdXQWNrTy01bWJOOUtRVmZ0c19QcFh5a3F1MTY2OFVCTFJQSzJOUlBEWmI1Y0RrNExxSkdCNnBDQ3Roc0Ffaw?oc=5,Cosmetics & Toiletries,0.85
Layn Natural Ingredients,PRODUCT_LAUNCH,"Layn Natural Ingredients debuts new beta glucan ingredient, expands precision fermentation facility - Nutraceutical Business Review",,,,"Thu, 27 Feb 2025 08:00:00 GMT",https://news.google.com/rss/articles/CBMiqgFBVV95cUxOTmJwNHhfMlVidVFXMi1YOXVIMUVDTnZlRmxTSGF1RFJQeWZWSHI0ZVVlNkxxOXFYeG9NN0Zkc2RKa1hOUk5HN29KWjJDODNfR3ZSTEZzUTJralNlbFVuYVA4TGFoZVJ4ZHRLV1RMQWpQMHR2c3BBMTB3WUM4VWFHamRybzVZQVVtOHdJRTBMLWlGTlp0VlFHX3JEb05DMTVOLWRpanZ0ZUJKUQ?oc=5,Nutraceutical Business Review,0.85
"Metabolic technologies,Inc",MERGER_ACQUISITION,"TSI Group acquires Metabolic Technologies, repositions HMB for healthy aging - Nutritional Outlook",,,,"Thu, 18 Jun 2020 07:00:00 GMT",https://news.google.com/rss/articles/CBMisAFBVV95cUxNZnFQZzluNWJqT1djckM4MGFBbllreGE4dTdOREJjaHVVdmNzaThVVjhvbEhtTFN4MzI5bnQ0NnhNaGhjMUlfS1VoY3pCMkRKbm1xak5sekRkTk5XSm0ybHNVSTNlUlBYZmdoU1lPemg2WEtZcGUzbmt6QUJOWWVja1FkMkIxeW12ZEptc0Fsd3EyY2NrZTR0Y0JPS3Y2RzVvSFVhRHMxUVAtTHdRSWtocQ?oc=5,Nutritional Outlook,0.85
Monteloeder by SUANNUTRA,MERGER_ACQUISITION,M&A Update: Carbyne Equity Partners Acquires SuanNutra - WholeFoods Magazine,,,,"Wed, 17 Dec 2025 08:00:00 GMT",https://news.google.com/rss/articles/CBMiqwFBVV95cUxNaHZXd3hsbnItR19sVHlvZlZyM0FfRklaZTFoek5QTEsxU2JzSVlqalRfSjZvSEZxSXVJNV9fYTVBaEVPc0FtcEFvMG9UR0hDeVJFOVEyTGxYdWpjQjBMYzlabXpSbEhGS3d0NHNuaVVjLVhCcF9nTXRGWnJjQXJkZU13cEFZT2ctU0J6VWp1U3VkbTViOEdFX0cxd25IT1h1ZVc2Q0QxMjR2MFk?oc=5,WholeFoods Magazine,0.88
Monteloeder by SUANNUTRA,PRODUCT_LAUNCH,"Suannutra debuts digital dietary supplement formulation tool, SuanBlend - Nutraceutical Business Review",Sua,,,"Tue, 10 Dec 2024 08:00:00 GMT",https://news.google.com/rss/articles/CBMipgFBVV95cUxNTFVCbWR2WmV6bV9yRHk0WkJhZEZ5Z245OUZmc3dmLXMxSnAwbkdMQk5hUjZ2WXZPM3pENWkwOEFBbGNFQTEzOE5wMmd6Rk1EeU5PTnZ0Vk9iSXRjYnJjb1NhV2p1SWFTeDlrY1ZFcDU1YW9ZT2gxVWpTOVdJR1NpWXpULTI1NFd3ckVxNW13YTk0ZmpYUVZ0TGlTZU1jZnJrdEQ3bE1B?oc=5,Nutraceutical Business Review,0.85
Monteloeder by SUANNUTRA,PRODUCT_LAUNCH,"Monteloeder debuts cognitive health-boosting nootropic, MINDREVIVE - Nutraceutical Business Review",,,,"Wed, 16 Oct 2024 07:00:00 GMT",https://news.google.com/rss/articles/CBMiqAFBVV95cUxQQS1DQ1N0c3RlX2IzR2hiTUtfN2xuYjRfb3VqQXg4dDdNellFR0lySVk4VjBWQ2NxOGdtcXR2U3Qwc3ZHQ1BrTl9RUDNPTjI2SlU0eS1UdWZELVdka29qMlNYcjR0WEtTdnVNRzNlVTVZUEVXSjVSdjlGeTVxa1lsQnF5Nk14Q3RiQ3RxNE9JS3p2REU1OUttVnNfT1c3NGJGdzU2STRpUGY?oc=5,Nutraceutical Business Review,0.85
NXT-USA,STRATEGIC_PARTNERSHIP,NXT USA partners with Infinity Pharma to launch Digexin in Brazil under the brand name of Motility - Nutritional Outlook,,,,"Thu, 01 Aug 2024 07:00:00 GMT",https://news.google.com/rss/articles/CBMi1AFBVV95cUxOOE5PNHZpcHpBWTQ1MW1YaC1PRTVoX2oyLUdhVk5lX3Q3Y3VkaFdDWlo0YkR0WGpnU291bFdfNmtlWXp5bkRQZVJrNGQwRFc4bzJ5UVdzNHhUOU00VVJlbF9ZdHI2N2RueWxQMnowOUtBdmpTZ2phTU1HRFlaaGNyazhUaVVXVzVkNXpiT01PM3JNa0hfYjhYaHE4aE91bW1hUlMyYTFFWFRLYW1YNnBTTWFIUFQtaGlDVmMxZjljNHZKbVRRMkRyS0d5VFY2WEFtdW9tQw?oc=5,Nutritional Outlook,0.85
NXT-USA,PRODUCT_LAUNCH,NXT-USA launches Xeya Shatavari for women’s health - NutraIngredients.com,NXT-U,,,"Wed, 02 Apr 2025 07:00:00 GMT",https://news.google.com/rss/articles/CBMipAFBVV95cUxQUXM4YVFHa0ZJbVBRMWhwZGJtMUZLckNLeGdWRHBiN1JoUWozNTcyX1AyY2pOb09taGNBcWZfNVhwY1VGVE8wd1k1VEljSFlzNF90dTctNVlYSjR3NEctU3JsVUlYSlFpaExMMVRhUmhVSlZOVUJRaGRlemF2MFZIVXhBQkZXRFFTRUVVS2FOYmx1b2hYZzQ0NEtCSXJwc3gwOEhrNg?oc=5,NutraIngredients.com,0.85
Niagen Bioscience,PRODUCT_LAUNCH,Niagen Bioscience Launches Pharmaceutical Program for Accelerated Aging and Rare Genetic Diseases - Business Wire,,,,"Wed, 08 Jul 2026 07:00:00 GMT",https://news.google.com/rss/articles/CBMi6gFBVV95cUxPRDN3VG9XenVMaHRMT2QwS2RRcUpubzlFUHFRUHdOaElzdEhYUkZtMlVlUzZzLVpwYjliVnlPZWNzMlA4N2dTZy04VWZWbDFWcl9nMmxVZi1qemxZbDhxNEJPNExMUzFUeFJsMGRHNTZGRzRqanNKOFdXLUp3SVhLWGhVOHpOdW9CenZkMHg0MWhXazdFS0dUSmF3UDN6NVZabjV1a1FwZE9Zdk1JR3pBdWFzMnFMU3hfSld1WFkxVlByU1JiX1JieThlTW1NT2NaVmZlMm0tenBnUS1BYTk4RDNNQ05qakpPSkE?oc=5,Business Wire,0.85
Niagen Bioscience,STRATEGIC_PARTNERSHIP,Niagen Bioscience partners with Truemed to unlock subsidized access to NAD+ booster supplement - Nutrition Insight,Niagen Bioscience partne,,,"Tue, 27 Jan 2026 08:00:00 GMT",https://news.google.com/rss/articles/CBMilgFBVV95cUxQdnJkR2ZVY1djb0tSOFhsSjBRS3dJUnVGcEt5VTNmNExRUERneW5aOXJNZk1IelVsakhkWkxXT1RuYjdlOUZzVUIyXzdzd1M1dXFHQkd3Q0NuYW1zRVBGdDRuT2ktU0JsUHppNXh5NmpoeWd6SE05M29CTGYyRjBURWRBWmg3MzBJa0s4UXFNQUo1R2dkN2c?oc=5,Nutrition Insight,0.85
Niagen Bioscience,MERGER_ACQUISITION,Niagen Bioscience acquires core nicotinamide riboside (NR) patent portfolio from Queen’s University Belfast - Nutraceutical Business Review,Nia,,,"Mon, 22 Dec 2025 08:00:00 GMT",https://news.google.com/rss/articles/CBMipgFBVV95cUxNUXdyMHRsU2pMcUoySWtwMXNOMFJMYVprSnh0a2hIOEwteGNWTHRWTmdoY1BrZEVJR1RrS3dzX1loMWJ0NFZhUXRxaDBCbkc5WlowdW5RbDlSQU11M0xQdzNNYWVpLWI4bFFONVZUeDZKTWlFeUs0NGx0aWRRYlhPYlRzZU1CMU85bWZtZ294b2JNVGZtakJEQUoybl80QUs2bWc0SEZ3?oc=5,Nutraceutical Business Review,0.85
Niagen Bioscience,STRATEGIC_PARTNERSHIP,"Niagen Bioscience announces first Cruise Ship Clinic Partnership with OneSpaWorld, bringing the NAD-Boosting benefits of Niagen IV to the High Seas - Cyprus Shipping News",,,,"Wed, 08 Apr 2026 07:00:00 GMT",https://news.google.com/rss/articles/CBMimAJBVV95cUxQbnNBTDVjdGxYd0dGTlFUU1lleUV1elRnbkJhZ2Rka0pRdVREY0JWanpKUFVSV1duamMzcU1HQ0FvdkdxMXFVQzFodkNRZFFIRXZhV010TUJSNWNkTkI3ODBFYkZxM1JFTW5EbTlyWnZnd3pmMGJaai1FUnVSMlMyU2pScWRrT0ZEMk5OR0FINEc5SUFaeC01T2pDT3FZVDBCQmRucXlaX1VvbmhCcHYyTWNZdTBpeVlicHgxMVRneDhRelNJWWtiNll1TnVBQkFqdmdORFhEdWRGRF83UFZxQTBEdGNoOTBMa2xHMGRENUxMS1VLMkVBb01PdHQ2RmVGWDIxam03R2tOc3Nsc0xqZlFtWlk3b2lw?oc=5,Cyprus Shipping News,0.85
Niagen Bioscience,PRODUCT_LAUNCH,Niagen Bioscience launches beauty supplement - Drug Store News,Niagen Bioscience launches beauty supplement &nbsp;&nbsp;,,,"Tue, 25 Nov 2025 08:00:00 GMT",https://news.google.com/rss/articles/CBMiekFVX3lxTE1VV1dHQjVDTl9QUGRwN25rYkFuUmZVM21IczNmaS1xdWktMm1DaU84MVZ0MDA4UFpwR2R2NVkxb0pYOG5aVko2aUdQM0s4dGdva0JNRzNuZVNpRzJVbU45NWFWY2lZNVBKUk1KTkxSQlJDbzRIekt4ZmdR?oc=5,Drug Store News,0.85
"NuAxon Bioscience, Inc.",PRODUCT_LAUNCH,NuAxon Bioscience Inc. to unveil new BacoZen research at SupplySide Global 2025 - Nutritional Outlook,,,,"Tue, 28 Oct 2025 07:00:00 GMT",https://news.google.com/rss/articles/CBMiugFBVV95cUxQcFEwc3pCMHFseXFVUjhHZ25QX2dycnhkLXY2ZU1hcmpNSlRvdEpDYllScUFCOUFtRG5SeEIxNWY4LW83TnFuMUk1SjMzMUpKYktFb2M5eXJST1EteVZCOFBYNXRFZjlnTS0tekZScXo0YklYQ1pVakp2ODFmUXVyNGR3ekE5azROTlkwbmhrR1pOb09uTi04X0JheFZkV190c3VFXy1OdEw5X3F4aG11OVJRSFNLS0VlQlE?oc=5,Nutritional Outlook,0.85
NuLiv Science,PRODUCT_LAUNCH,NuLiv launches sports nutraceutical Senactiv - Nutritional Outlook,NuLiv launches sports nutraceutical S,,,"Fri, 04 Sep 2020 07:00:00 GMT",https://news.google.com/rss/articles/CBMijAFBVV95cUxOZGlWMGdxa05WTmlxSDdxYkIzeGY5R05rbjVEc01IZ0NZMmNUZWFBS3NXaVpOaWh1eFAzd2hUZ3AxendxVG5kdWY5dktUSUswenhJUDZJLXhreVlxeU8ycW00Z1l2eXVFbUlkaEtaaHNJcG4wREROSUpVUlo5eG90Q3ByVnBncUwxQmJQTQ?oc=5,Nutritional Outlook,0.85
NuLiv Science,PRODUCT_LAUNCH,NuLiv Science unveils results of sleep & mood ingredient study - Nutraceutical Business Review,,,,"Fri, 21 Oct 2022 07:00:00 GMT",https://news.google.com/rss/articles/CBMiqwFBVV95cUxPcWZnTVZDS2NQLWNFcVg4ZV90RE1VRUZ0cTAwVlFvMGxJUXZaSkhKYzB0TTMwdEFvWXo5Z1dKZmlwcV95blFiTm1GM0pmUHN6b3Y3NnJYYzQ1UzhuN1FwdlZsOTJVS0hRTUd0Uy1tbFFFb3ljVVVub1FaSG5ZZHNBUmk0Ui16ejVUclpQMXQyQW4zZUFZMEw2OVUzVXRSU0Fzc2UxWkpKZVZtcEk?oc=5,Nutraceutical Business Review,0.85
Nufarm Nutritional,STRATEGIC_PARTNERSHIP,Nufarm Partners with KD Nutra on Plant-Based Omega-3 Portfolio Expansion - NTB Kommunikasjon,,,,"Wed, 24 Jul 2024 07:00:00 GMT",https://news.google.com/rss/articles/CBMi5wFBVV95cUxNNVdLbTFiNVNEQjVPNHZ0UXNPY1p0Q2tQc1d4aGQ4Um9XSGdyVkNuYUgtX2VObVhGbi1DYXcyQXpDT04xZ2lmSHJBMmJqdGZjSGlEQnRPNkRESnVEZ1JSUnBLVGRxYlJhN2NRUGVKYmNiWkVDUGJlR0ZSYUpPTklKbUppekZ3WmVRamkzcjdFeWRVeUladlluMExZTzhMSXNaa1Joeno5V2pIWXNLSFJxb3JpZEo1U242NzVjei1mTkFKTGZmeXFmZFNnNENnWk5mNDFNeU9XTmVGQUlmU2EyNXlNUTNlZkU?oc=5,NTB Kommunikasjon,0.85
"Nutraland USA, Inc.",STRATEGIC_PARTNERSHIP,Nutraland USA Announces Exclusive Distribution Partnership for Somato® Tomato Fruit Extract in Indonesia - The National Law Review,,,,"Fri, 28 Aug 2026 15:11:21 GMT",https://news.google.com/rss/articles/CBMiswFBVV95cUxPNFVNbURFRGFJbmhtbWxNRnBmUGo4QVoycVF0RGhtMG1kbDJVeUFrZ0s0d0lQVXExb04yMm1rbnB3Sm5UNjhnNVl4dUlqQjNXaXNCejVrd3M4QjZtTG1SMlNKN1NZRE9JbEMwb0hmQi1jeWhHdEVpd0ZObU9mV08zT3BLYXNHY1U5c2ZWTjlvUDBYX1VNYWJ1alJhc1FvdGV2b1ZxQXV6RVdOVlRFZWNob0hqRQ?oc=5,The National Law Review,0.85
"Nutraland USA, Inc.",PRODUCT_LAUNCH,Nutraland USA Launches Vegadelight® CleanShield™ for Clean-Label Vitamin D3 Stability in Multi-Nutrient Formulations - einpresswire.com,,,,"Wed, 22 Jul 2026 07:00:00 GMT",https://news.google.com/rss/articles/CBMi8wFBVV95cUxNbXhaM2c5VjRpU2VmOWpSd3BLTEFsbzFzU3U1YndYZ0xTY0U3OFRLQjNRa2dZTXFhN29nVEYyX0ttdmhOSjRoWFZSV1lDZFowSmJwcVJnNDZVR29NOGRDcXpDWDQ1a0NXOTVobXRkeDNZSFRONGVHRzdFSDJPUndjT2F3YWMydWNNSVBXODJsUy1QMUQ1VzdnSUFDOVFJN1JvR3NHT3NWd01Bd1VDMWU3SDBDd0pkU0hTdTNiUmVVZHBGeW5sOEJtMHdyRFNCNjF2MlFvSUJJaGxFTFp4M3BGNlVuX1Q2LUlzMXBzaTBVMXFWdEk?oc=5,einpresswire.com,0.85
"Nutraland USA, Inc.",STRATEGIC_PARTNERSHIP,"Nutraland USA, Inc. Names Biowell NutriScience Corp., Ltd. as Exclusive Distributor for Somato™ in Taiwan - PR Newswire",,,,"Mon, 19 Aug 2024 07:00:00 GMT",https://news.google.com/rss/articles/CBMi6wFBVV95cUxQMkhGV1FjOVQ0NjJRaVpWamZUVnFwMU9jZ3p2VEpqX3F1a0lTWndqc1N0Qnh6Qko4VURPSFZuZU5jVWh6Q2Vxa1dLbVRQRjF6Y3dlRm5JdjBrMHdTcVZPbXZNX3ZlNHFZc0x0MnNCN0w4UlRQc1Y1TTZsY01MVFRjTmNnYVpmNWd6YURlQmVqdDZxZ3Q3emktMENGMi0xaTJGWF82eS1vUllNd2UycnZmZUJvLWpHUzUxVjY1c3EtMDVlR1htaTJEOU9nSWNMUXgxVEFyeXBPTzRhYnBjN0lOUkxrMFk1bUpKem9J?oc=5,PR Newswire,0.85
Naehr Engel GmbH,STRATEGIC_PARTNERSHIP,"Brazilian aircraft maker Embraer is exploring a joint venture with the Adani Group to set up a commercial aircraft final assembly line in India. If it moves ahead, this could be India’s first step into building passenger jets and a potential testing ground for global m - LinkedIn",Brazili,,,"Wed, 14 Jan 2026 08:00:00 GMT",https://news.google.com/rss/articles/CBMiowFBVV95cUxNQmtfd3ZaY3VzUlR4UGRTalpsbVdGakMzb1NVbjZFWnFCTXB6b0FvVmFXMDhpWEhlM3NzTmoxYmdPY3pBb3FMWXp0WmV6WWNlYm92RV9IMkRKTkl0Q0tSYkIzOXpZNGNrLTNGNzJic1dEbEZNM21id0Y3U09oTnpBQVdXZm1EQmRuUXZTbTdkQkpqRnFtYkJGWU1zcGw1dzlHUEM0?oc=5,LinkedIn,0.85
OmniActive Health Technologies,MERGER_ACQUISITION,Everstone Group acquires stake in OmniActive Health Technologies Ltd - Nutraceutical Business Review,,,,"Tue, 03 Jan 2017 08:00:00 GMT",https://news.google.com/rss/articles/CBMitwFBVV95cUxOOF9uaDJXNlVmVWdpX1h0cTlCMl9TQ3dIczEzbFBTOGtuY3VjRnJzZnpBb2xDS25jVGx2T0lmUHZ3Sl9jZ2psSTV0YXpFUFhwTC1DX1N4WkJjRVgtRHUySlVNeF90NDZxdkZaS3N0bHBLTnlwZ1lDejJSa2hlLW9jc2hQZUxOb3lTLVRuamh0MHRaY1puX3JydHZRM0dvZDN3Zk5tVzhmb3FSMVFZQll2eDhPcXZUM0E?oc=5,Nutraceutical Business Review,0.88
OmniActive Health Technologies,PRODUCT_LAUNCH,OmniActive launches new shatavari/fenugreek ingredient,OmniActive Health Technologies has entered the women’s health space with a new shatavari/fenugreek ingredient. A clinical trial backs the new product’s menopause benefits.,,,"Mon, 27 Jul 2026 21:17:17 GMT",https://www.supplysidesj.com/healthy-living/omniactive-launches-new-shatavari-fenugreek-ingredient,Natural Products Insider,0.88
PLT Health Solutions,PRODUCT_LAUNCH,PLT Health Solutions Brings Its Clinically Supported Branded Ingredient Platform to Vitafoods Asia - Yahoo Finance,PLT Health,,,"Tue, 25 Aug 2026 07:00:00 GMT",https://news.google.com/rss/articles/CBMioAFBVV95cUxOUkoxU3ZNdXM4S3U0NjRLV0JpalZhV1RXbDRqMDJkUUtsT2gxa194YnRnTW1DczZiNjlTenZSNzB2Y216Nm9ONjJQT0gxQjFRSmZzM19RNGxhS3hudDJwQjUxX25jcVBpeGNGYi0xQk9JRUJRWDNONFhHSmhkSF9qNkg4eXE1QUVZcmJWRnJhV001WlRLejdMcU04Z2paT3Fy?oc=5,Yahoo Finance,0.88
PLT Health Solutions,STRATEGIC_PARTNERSHIP,PLT Health Solutions partners with Alethios to help consumer brands generate clinical validation of finished formulations - Nutraceutical Business Review,PLT Health Solutions par,,,"Tue, 02 Jun 2026 07:00:00 GMT",https://news.google.com/rss/articles/CBMilgFBVV95cUxOZkJnVVZBdVBNeGRZVHJvbjRyWVpFTk1DV1MzZ2M5eHVjODhUTHFTZVFVeUNjYzFHSHc3Qkl4c29SWVo1V0RQYkRtMXAzZUVjakEtUFJsU3g4b05JSXZmV2hWSzFXTTFaMkEtd205YV8wdmY2YnhfZ2RiNDJjak1wTllMYVlsYkRaeXNYNm9xMWNWdl9Wc2c?oc=5,Nutraceutical Business Review,0.85
PLT Health Solutions,PRODUCT_LAUNCH,PLT Health Solutions launches joint mobility complex for cartilage health - Nutrition Insight,PLT Health,,,"Tue, 24 Mar 2026 07:00:00 GMT",https://news.google.com/rss/articles/CBMioAFBVV95cUxQNlE1V0gxTW1PNENpMkl1YlRWNjJEU083LUhsVVQ4WG92THdvS3h0V1ZRa0ZfS1o3WTVKMDdDdEp6a2gydGhpOWU5alo4NWtZSmtRS0pTLV9GYjlsekZDZzVMUllqZ3phUlZId2VyUklrYVY0MXVtZExQc0JaUkt0R3JwUUtzT0M3ZTVnX19Nc2FPV2N3SGR2MGVMVFM3OXpr?oc=5,Nutrition Insight,0.85
Pharmachem Innovations,MERGER_ACQUISITION,Nutraceutical provider Pharmachem goes independent via its acquisition by Turnspire Capital Partnerss - Nutraceutical Business Review,,,,"Wed, 04 Sep 2024 07:00:00 GMT",https://news.google.com/rss/articles/CBMisgFBVV95cUxOWWlyd3hHaHdKZmhOdWJBVnZPUkdNNG5SS2F6bXZMaER6TTVuenlWLU0yVjh1cUxyZVIzdkFmSm8tSDhQSllUT2d5V3BZTF93bXF6em5BelpvUnI3TGdKNk0wbUo0b2lBOXRhNl9fZmJXRW93ZkxyZzdsSGhoTnM4cVpZLXJzeWQzNW50cFlSNjBTSzdkYWhwdzc4aGpUQmpGcEszZXVCc2xEbS05bnhXWGtR?oc=5,Nutraceutical Business Review,0.88
Pharmachem Innovations,MERGER_ACQUISITION,Aloecorp Inc. acquires Aloe vera division of PharmaChem Innovations LLC - Nutritional Outlook,,,,"Thu, 05 Dec 2024 08:00:00 GMT",https://news.google.com/rss/articles/CBMirwFBVV95cUxQYl96cmdXMG1IQzBqdUY1b3FjSWtzdE9hcEhWODRSaFhOMlJaTDZyLUwzX3p0b0JwODZfUXJsdlg1T3MwTnI1bnFvdUotMjVFT3NMVGVsZmcxeEdKajd2aGUzODN4UXVOeGhGNmw3TmpueTlzOHQ3T2d4b2Jwc0IydzE1SURscmwyaE82NWF3aDlETjQ3MlNMaW41a19fZXJBc1FlclRMYjZIVFp6Vm1N?oc=5,Nutritional Outlook,0.88
Pharmachem Innovations,MERGER_ACQUISITION,Turnspire Capital Partners Completes Acquisition of Pharmachem from Ashland - Business Wire,,,,"Tue, 03 Sep 2024 07:00:00 GMT",https://news.google.com/rss/articles/CBMizAFBVV95cUxNNEktYnhmaDlIMTlERmpVV19wdWU3bEhrX3IxMnQwMGNRVGhueHhMWFJGSURuMmRxQUR1TjdMYkVUNThwOHhtRV9wdFU0bDR2UnpGMmVCRi1pZXdERkdsa2hUbF84Z1c5dDlNZVF0eE9zQVk2ZkVmOVhpYkQyUHg1WWU5ZDJDQU02TzdYVC10M2V3U2VCbE5OSF9EdG9weDZNRWJtNnI1dkxBcXpoSDJwMTBTWks0cTNIUC13bGJEeS0xTlRWRUFfMFFFYm4?oc=5,Business Wire,0.88
Plant Lipids,FACILITY_EXPANSION,Spice extracts major Plant Lipids announces Rs 200 crore expansion in Kerala - The New Indian Express,,,,"Tue, 12 Oct 2021 07:00:00 GMT",https://news.google.com/rss/articles/CBMi4gFBVV95cUxNUXVROWVuQU05WC1uSndEb0VpVmplWTVyQ0l2Vm1oWEZqQjJtclFmeF9UX2F6T3N2WlpvRTJ1ZGpZRHdTcFh6blpfUnFad19EV0FOSnF4WmU4bi05X0VzSi1NdU0zbzNIWUZ4RFFadkx6eXU3elo3RXJ3V1JwZ3ZEZnQwbXBDdGtRbFgyZS12a2laamtoNWM4YlNIX0xnelp5X3JibXZiSDMyVUJjMWhsNHVnWlVtUG5uaFpJYzZSRHB4X0Vuc2hOejdMOEtXd1VKanJ0T1Ewb05fSmVkb2xFOWd30gHvAUFVX3lxTE9fdkJQeF9UcHJjeDA2THBfWXNfcGdVVVQzR24yV2xfQVNTM0tJMGc2em16UkJxQ2JZN3hVWEJrMkpPbm1yR2k5MXg4ay1rZDI4ZXA5d2FFRm1Rc3ktZ25HbU9VTDB0VXJyeU9tZ1R4cXU4Szd6X1RNbmt6eFVHQkwxZFU0VDFZSDU1TkpocGtuVjZYaTZ2V2p4Q0hjV0doUUZkYmVWU2VrTHk4OXh6TXVxUVozV3R4SWlRWE5ncVRHSV8yR3VxWnhaSFliZmk2QXVzakx1Q2QzZEd1T0RfYmlBSzhnUVZDYmRCc2o1YVFr?oc=5,The New Indian Express,0.88
ProBiotix Health,PRODUCT_LAUNCH,ProBiotix Health launches two targeted probiotic formulations for menopausal support - Nutraceutical Business Review,ProBiotix Health launches two targeted,,,"Thu, 15 May 2025 07:00:00 GMT",https://news.google.com/rss/articles/CBMiiwFBVV95cUxPWkYzLUpnQ21YTHQ1bjdBcngydTFIYTNwQVRVQzdSaHhodVR0M0NYdDdsTGtSU0pNTG9VWS00UW54cnRuMC1wc3AwMndIZzRwNVF5bzluMnQ2U3NnZExBTEtVdjZ1ODBGTTRRRjk3LWdKOXdWU0k0X0d0NkFHcUhGalhPNG5KWFpsRGlz?oc=5,Nutraceutical Business Review,0.88
RITA Corporation,MERGER_ACQUISITION,Nestle offloads Holistic Health platform for $1 billion,"Nestle announced the sale of its Holistic Health platform to private equity firm Yellow Wood Partners. The portfolio includes several specialty brands, including dietary supplement brands Nature’s Bounty and Puritan’s Pride.",,,"Tue, 01 Sep 2026 23:06:42 GMT",https://www.supplysidesj.com/business-resources/nestle-offloads-holistic-health-platform-for-1-billion,Natural Products Insider,0.88
"Zephyr Naturals, LLC",MERGER_ACQUISITION,Zephyr for JIRA Tutorial: Test Management Tool- Guru99,"Jun 15, 2026· Zephyr is one of the most widely used test management solutions for Atlassian Jira. Acquired by SmartBear in 2021, the …",,,,https://www.bing.com/ck/a?!&&p=571c3619ed077118567445275f43e53a7f283a33d9e99012db2f564444b1ac79JmltdHM9MTc4OTI1NzYwMA&ptn=3&ver=2&hsh=4&fclid=2c127b05-df72-6d5d-2b05-6cd6def76c35&u=a1aHR0cHM6Ly93d3cuZ3VydTk5LmNvbS96ZXBoeXItYWdpbGUtamlyYS5odG1s&ntb=1,bing.com,0.88
Central Garden & Pet,MERGER_ACQUISITION,Central Garden & Pet : Acquires K&H Manufacturing,"Central Garden & Pet Company (NASDAQ: CENT) (NASDAQ: CENTA), a leading innovator, marketer and producer of quality branded products for the lawn and garden and pet supplies markets, announced today ...",,,,https://www.marketscreener.com/quote/stock/CENTRAL-GARDEN-PET-COMPAN-8740/news/Central-Garden-Pet-Acquires-K-H-Manufacturing-24301932/,MarketScreener9y,0.88
Thermo Fisher Scientific,PRODUCT_LAUNCH,Thermo Fisher unveils EMPAD G2 detector to advance 4D STEM materials research,"Thermo Fisher Scientific has introduced the Thermo Scientific EMPAD G2 detector, a new technology designed to give ...",,,,https://www.indianpharmapost.com/news/thermo-fisher-unveils-empad-g2-detector-to-advance-4d-stem-materials-research-21648,Indian Pharma Post13d,0.88
Thermo Fisher Scientific,PRODUCT_LAUNCH,Thermo Fisher Scientific (TMO) Unveils New Tools For Electron Microscopy And Isotope Analysis,"Thermo Fisher Scientific (NYSE:TMO) introduces the EMPAD G2 detector for high speed, high dynamic range 4D scanning transmission electron microscopy. The company launches Orbitrap Isora and Isora Pro ...",,,,https://finance.yahoo.com/healthcare/articles/thermo-fisher-scientific-tmo-unveils-230701731.html,12d,0.88
Colgate Palmolive,MERGER_ACQUISITION,Colgate-Palmolive explores sale of select personal care brands: Report,"Colgate-Palmolive is weighing a sale of select personal care brands that could raise more than $1 billion, while CEO Noel ...",,,,https://www.storyboard18.com/brand-marketing/colgate-palmolive-explores-sale-of-select-personal-care-brands-report-110517.htm,Storyboard1823h,0.88
Colgate Palmolive,MERGER_ACQUISITION,Colgate-Palmolive explores sale of three personal care brands in $1 bn plus deal: Report,Colgate-Palmolive is exploring the sale of mass-market personal care brands like Softsoap and Irish Spring to focus on its ...,,,,https://www.livemint.com/companies/news/colgatepalmolive-explores-sale-of-three-personal-care-brands-in-1-bn-plus-deal-report-11789143028717.html,1d,0.88
Colgate Palmolive,MERGER_ACQUISITION,Colgate-Palmolive gets soapy as it weighs over $1 billion personal care brands divestment,"Colgate-Palmolive is exploring the sale of several mass-market personal care brands. These brands, including Softsoap and ...",,,,https://www.msn.com/en-in/money/general/colgate-palmolive-gets-soapy-as-it-weighs-over-1-billion-personal-care-brands-divestment/ar-AA2c2lC5?ocid=BingNewsVerp,1don MSN,0.88
Amentum,REBRANDING,AmentumHoldings -Wikipedia,Amentum was founded in 2020 as a spinout of the Management Services Group of AECOM. It consisted of the non-construction parts of …,,,,https://www.bing.com/ck/a?!&&p=0165c28b047381af6cc9631a5fc4ed28b16edb0c75e67fb0c73adc7fae8c837dJmltdHM9MTc4OTI1NzYwMA&ptn=3&ver=2&hsh=4&fclid=07aaba0b-b997-69b3-29c4-add8b8c16873&u=a1aHR0cHM6Ly9lbi53aWtpcGVkaWEub3JnL3dpa2kvQW1lbnR1bV9Ib2xkaW5ncw&ntb=1,bing.com,0.88
Westin Hotels & Resorts,PRODUCT_LAUNCH,Westin Hotels & Resorts unveils campaign for its signature 'Heavenly Bed' in India,"Besides a mall promotion, a radio contest urges people to call in with their ""heavenly"" experiences and take a Heavenly Bed home Who doesn't want a good night's sleep? Eleven years ago, global hotel ...",,,,https://www.afaqs.com/news/ooh/28571_westin-hotels--resorts-unveils-campaign-for-its-signature-heavenly-bed-in-india,AFAQS15y,0.88
action.,MERGER_ACQUISITION,"Jaguar LAA, Inc. Announces Acquisition of Assets Related to the Laminar Program","Transaction positions Jaguar to advance the Laminar program and its differentiated approach to left atrial appendage closure for patients with non-valvular atrial fibrillation SANTA ROSA, Calif., Sept. 11, 2026 /PRNewswire/ -- Jaguar LAA, Inc. (""Jaguar""), a privately held medical device...",,,"Fri, 11 Sep 2026 19:37:00 +0000",https://www.prnewswire.com/news-releases/jaguar-laa-inc-announces-acquisition-of-assets-related-to-the-laminar-program-302876662.html,PR Newswire Health,0.88
Miltenyi Biotec,PRODUCT_LAUNCH,"Miltenyi Biotec launches India operations, to open Centre in Hyderabad","German biomedical discovery provider Miltenyi Biotec is launching operations in India, opening its first office and setting up a Centre of Excellence. The CoE will offer training in cell and gene ...",,,,https://economictimes.indiatimes.com/industry/healthcare/biotech/pharmaceuticals/miltenyi-biotec-launches-india-operations-to-open-centre-in-hyderabad/articleshow/108044471.cms,Indiatimes2y,0.88
E.ON,PRODUCT_LAUNCH,Supplement Shorts: Cognitive health top reason for creatine supplementation,"In this edition of Supplement Shorts: creatine consumer insights, emerging science on collagen peptides and fucoidan, and new ingredient and innovation launches.",,,"Fri, 24 Jul 2026 17:05:24 GMT",https://www.supplysidesj.com/supplements/supplement-shorts-cognitive-health-top-reason-for-creatine-supplementation,Natural Products Insider,0.88
Array Technologies,MERGER_ACQUISITION,ARRAY Technologies has acquired Affordable Wire Management,"ARRAY Technologies, a global solar tracker company, has acquired Affordable Wire Management (AWM), a wiring, cable protection ...",,,,https://www.solarpowerworldonline.com/2026/09/array-technologies-has-acquired-affordable-wire-management/,Solar Power World11d,0.88
Array Technologies,MERGER_ACQUISITION,"Array Technologies: Q2 2026 Review, Bullish For 2027","Array Technologies remains fundamentally strong, with a record $2.5B orderbook and resilient margins despite revenue softness and integration challenges. ARRY’s acquisition of Affordable Wire ...",,,,https://seekingalpha.com/article/4938386-array-technologies-q2-2026-review-bullish-for-2027,Seeking Alpha24d,0.88
Morgan Properties,PRODUCT_LAUNCH,Morgan Properties’ New Tech Chief Has Bold Vision for Artificial Intelligence,Morgan Properties artificial intelligence strategy takes shape as new tech chief Devang Patel unveils a bold vision for AI ...,,,,https://montco.today/2026/09/morgan-properties-artificial-intelligence-workforce/,MONTCO Today9d,0.88
Amneal Pharmaceuticals,MERGER_ACQUISITION,"Amneal acquires Kashiv BioSciences, creating global biosimilars leader","The transaction brings together complementary R&D, manufacturing and commercial capabilities, positioning the company to accelerate biosimilar launches, expand patient access and capitalise on growing ...",,,,https://telanganatoday.com/amneal-acquires-kashiv-biosciences-creating-global-biosimilars-leader,1mon,0.88
Amneal Pharmaceuticals,MERGER_ACQUISITION,Amneal Pharmaceuticals files prospectus for sale of up to 28.9 million shares,"Amneal Pharmaceuticals filed an SEC prospectus on August 14, 2026 The filing concerns the offer and sale of Class A common stock Selling stockholders may offer up to 28,942,098 shares *this image is ...",,,,https://scanx.trade/stock-market-news/ipo/amneal-pharmaceuticals-files-prospectus-sale-up-28-9-million-shares/50018211,scanx9d,0.88
Abbott Laboratories,MERGER_ACQUISITION,Abbott Laboratories,"Abbott Laboratories is a global healthcare company. The Company’s principal business is the discovery, development, manufacture, and sale of a broad and diversified line of healthcare products. Its ...",,,,https://markets.ft.com/data/equities/tearsheet/summary?s=ABT:NYQ,Financial Times6d,0.88
Alcoa Russia,MERGER_ACQUISITION,AlcoaCorporation - Investor Relations,"Alcoa Announces Strategic Acquisition of South32's Bauxite, Alumina, and Aluminum assets for $4.1 billion Corporate Overview Alcoa is …",,,,https://www.bing.com/ck/a?!&&p=8230f25ef4cbb771324ac01e6c6a913ff5b39ef68e580964f95b16babbff40b8JmltdHM9MTc4OTI1NzYwMA&ptn=3&ver=2&hsh=4&fclid=3b05108d-b9f5-64d2-3f94-075eb8a3654a&u=a1aHR0cHM6Ly9pbnZlc3RvcnMuYWxjb2EuY29tL2hvbWUvZGVmYXVsdC5hc3B4&ntb=1,bing.com,0.88
HORN (IMCD US),PRODUCT_LAUNCH,Instrument:Horn-YouTube,"Aug 7, 2013· In this film, Katy Woolley introduces her instrument - the horn. To learn more about the horn visit …",,,,https://www.bing.com/ck/a?!&&p=ae818b8abea2e2c26772c9f7442d4c40478985bfe7887efa95013b51c9e568b6JmltdHM9MTc4OTI1NzYwMA&ptn=3&ver=2&hsh=4&fclid=0b9cec7b-04dd-626c-0dca-fba805926338&u=a1aHR0cHM6Ly9tLnlvdXR1YmUuY29tL3dhdGNoP3Y9Y0swVUZnbnJJcVk&ntb=1,bing.com,0.88
